CMADGUID,CHAR_POP21,GEO_NAME,CMATYPE,GEO_LEVEL,Alcohol_1,Alcohol_2,Alum_1,Alum_2,Auto_1,Auto_2,CUSMA_1,CUSMA_2,Cop_1,Cop_2,Dairy_1,Dairy_2,Ene_1,Ene_2,LumNew_1,LumNew_2,LumOld_1,LumOld_2,MHDV_1,MHDV_2,Motor_1,Motor_2,S338_Exc_1,S338_Exc_2,S338_Tar_1,S338_Tar_2,S338_Tot_1,S338_Tot_2,ScenAfter_1,ScenAfter_2,ScenBefore_1,ScenBefore_2,Steel_1,Steel_2,Total_1,Total_2,after September 29_1,after September 29_2,before September 29_1,before September 29_2,geometry
2021S0503001,212579.0,St. John's,B,Census metropolitan area,0.4101494666666667,0.24981557083333336,0.5690737235294117,0.6917742161904762,0.5103242285714286,0.20822001219512198,2.111118459322034,7.70806469139785,0.26121405000000003,0.08627167499999999,0.42909639999999993,0.08290513684210526,0.60127398,0.16071685,0.6146770149999999,1.45653946939314,0.4841313375,0.4789150088235294,0.5524862,0.1117943,1.4246405886075948,1.673030712295974,0.31743025,0.030450970000000004,1.4246405886075948,1.673030712295974,1.4246405886075948,1.673030712295974,2.111118459322034,7.70806469139785,2.111118459322034,7.512447380492611,0.7445149357142857,0.8244443063157896,2.111118459322034,7.70806469139785,1.723631082105263,1.64263299,1.220461422,1.345830409947644,POINT (-52.85920275757555 47.499104707584685)
2021S0503205,465703.0,Halifax,B,Census metropolitan area,0.813390952,0.37841842657342656,1.2734924966666668,3.2848596674652613,0.6093182685714287,1.6892282214689265,6.0635221962871295,6.134121830730871,0.71856534,0.46520086477272726,0.4740845105263158,0.07615921290322582,0.7540268153846152,2.5458065279310342,1.1536407045454544,1.4729324760233917,0.903919685,2.0325514375,,,4.662577410491803,4.071051357267759,0.36388195,0.3326635440993789,4.674063568078175,4.0755753436927105,4.674063568078175,4.0755753436927105,6.210001606413302,6.692826674886223,6.164088439371981,6.181842770382313,0.9661781614035087,1.7028451797872342,6.210001606413302,6.692826674886223,4.932417409171598,5.963023552544064,2.2844524529761907,4.883807012874409,POINT (-63.27966987772783 44.92185549585242)
2021S0503305,157717.0,Moncton,B,Census metropolitan area,0.39727636,0.69448108,1.1628772837837837,2.5685434157894735,0.6637292733333333,0.8471951750788643,5.366186352046784,7.667143400860155,0.41006754,0.45089357119999995,0.9475310307692306,2.036022044677138,0.7205808684210527,2.704456137853107,1.4729277952380952,3.0375291613173654,0.5070378875,2.2371389984615386,0.49286715000000003,1.0645702105263157,4.135383426495727,7.994007557009991,0.3973446777777778,4.517997267571645,4.188060566129033,7.970059434289483,4.188060566129033,7.970059434289483,6.062325828795812,9.286938555545328,5.893413865591398,8.706872884404635,1.5259808470588236,2.5098466468613143,6.062325828795812,9.286938555545328,4.522583372727273,8.820105737821361,2.5889032520000006,4.3490288150581105,POINT (-64.85802546778179 46.01406133616815)
2021S0503310,130613.0,Saint John,B,Census metropolitan area,0.9683346500000001,5.982110614497041,1.0659267235294116,2.7440467102756894,0.9016036999999999,3.344821215686274,10.848149241911765,6.243074882342718,2.3809524,1.5184382,0.9964760833333334,2.8118100518518516,1.9867341555555553,8.267003593454545,2.5620512722222224,3.527040112806236,1.7934017125,1.4191227575384615,0.5347594,0.44444439999999996,10.515033336,8.10587145045045,0.987115725,5.544842603794038,10.589803913207547,9.204765529809604,10.589803913207547,9.204765529809604,10.772117071830987,9.334060909144466,10.772117071830987,9.166756288330541,1.2511974461538462,8.082383898754152,10.772117071830987,9.334060909144466,10.369095769298246,9.231930061503354,2.871069293478261,7.120852358219462,POINT (-66.01110807493602 45.40418148136663)
2021S0503320,108610.0,Fredericton,B,Census metropolitan area,1.2463773500000002,0.6831074093959731,1.3899973769230771,2.0184349394444445,0.6884829555555556,2.6297909965116277,6.504885219841269,16.186145768866226,,,0.8594486071428572,0.6653511809210526,0.97662447,2.145759490217391,2.5550317409090906,34.44016115802708,2.3556341444444446,2.0420521754385965,0.13888889999999998,0.2105801,4.363012404109589,3.9787115132835824,1.2424862700000001,0.6805915668831168,4.377565688888889,3.6187484418518516,4.377565688888889,3.6187484418518516,6.6470123113636355,15.99211578385161,6.6470123113636355,16.268405508959535,1.6517146066666666,2.5512304053435115,6.6470123113636355,15.99211578385161,4.486483182608696,16.907407076827372,2.804928479310345,18.149475707479226,POINT (-66.78026641136638 46.01320819758647)
2021S0503408,161567.0,Saguenay,B,Census metropolitan area,1.1789904047619049,17.230561807597173,3.0588213012658225,13.07768307579714,1.1114828647058823,1.5622950501754387,11.172548479341318,12.876340678035678,0.99691043,0.5722516927272727,1.208926661904762,1.0779467094240838,2.3116069775510204,17.515243039624508,3.037873336170213,9.58157134085006,1.4513862642857143,13.268635645306123,0.22228250000000002,0.09934055000000001,6.878337126600986,17.373684368835914,1.3310863071428571,13.793095921958457,7.127079506635072,17.163310144563734,7.127079506635072,17.163310144563734,11.92611027821229,19.398482740286273,11.72794525960452,19.102731720835624,2.7722164907407407,4.969897968377021,11.92611027821229,19.398482740286273,8.01969237107438,17.962739729456054,5.559766366242038,16.916540054174163,POINT (-71.00741748868015 48.41901176842831)
2021S0503421,839311.0,Québec,B,Census metropolitan area,0.7927459337662338,3.0303032474499676,3.1653962090062113,5.1994798805403475,1.508143409448819,3.594611793901396,9.66367761979781,12.37502327879116,0.8110640676470589,2.515830578712221,0.7379573060975609,3.0302381588724585,1.922802394117647,3.9145720272276163,1.2639859260869566,2.581464785309973,0.7357771,3.382030211171367,0.5531974315789474,4.841642319074333,6.20968704957265,10.459993617977172,0.7582328421052631,2.953727019842932,6.309178124346793,10.385698368545565,6.309178124346793,10.385698368545565,10.281190880472442,13.840346591282307,10.09160355632,12.750550752188108,2.7518510737254904,5.222949624594555,10.281190880472442,13.840346591282307,7.232119405759161,11.830044362675816,5.199228447478261,8.747468417020391,POINT (-71.341614712132 46.911907173185774)
2021S0503433,227398.0,Sherbrooke,B,Census metropolitan area,1.1134528696969697,0.6602445696969698,3.8785651560606067,7.6234556366381945,1.757947190740741,5.265084932441942,14.123678415922331,12.36999405576351,0.8621036833333333,0.6463847859504132,1.0487677533333333,0.5213952647058824,1.8692509979591838,2.296696106666667,1.4546554113636363,2.297435521226994,0.8052749,0.9733466213017752,0.61090859,1.9087214963541668,7.13642297781155,10.447842037373738,0.8978264899999999,0.6651937612648221,7.163073150301205,10.427437255641241,7.163073150301205,10.427437255641241,14.41849851914498,14.309031237786302,14.28478550857143,12.850168730069756,3.5193757931623937,7.415493660194765,14.41849851914498,14.309031237786302,8.31044812827225,12.244532561408903,6.120039862184874,10.726998962287638,POINT (-71.94557458553157 45.389661531459694)
2021S0503442,161489.0,Trois-Rivières,B,Census metropolitan area,1.215199375,3.116449240858209,2.7819414365079367,12.154553153293687,1.084482488,2.5164468675,14.214036285626912,9.082119240915148,0.6524483625,0.851747890990991,1.0830227666666667,0.772284935741445,2.5209511789473686,14.9811010870229,1.2060106291666666,6.927478232161686,0.8052024307692309,8.049017314318181,0.6535948,0.2084781,6.737909513793102,11.587293933464233,0.7902495461538461,3.0402622258481418,6.836258240540539,11.277813408745711,6.836258240540539,11.277813408745711,14.901760086167146,14.102964753258812,14.630647519705883,13.710929082976811,2.316921426315789,8.3067840745,14.901760086167146,14.102964753258812,7.580314291981131,12.858197275715469,4.766617719008264,13.633324716320386,POINT (-72.50232408383768 46.36024679625333)
2021S0503447,101610.0,Drummondville,B,Census metropolitan area,1.3914979304347825,3.0016131364326375,4.895762871287128,10.453687078448786,2.407712606976744,9.712568267219556,18.723736575949363,20.797946965157973,0.8602300083333334,1.0607251224358973,1.4382197916666666,3.1826628880952383,1.4062252366666668,3.7535023619967793,1.583584814814815,3.969725410181818,1.0165893533333332,4.953881722254335,0.5747930166666667,4.9777905102631586,8.991467743255814,14.289889689479452,1.8225535857142854,5.321352816761688,9.246473779090909,14.596704661897917,9.246473779090909,14.596704661897917,19.1946495502451,21.31572332449078,18.9418967641604,19.069583654252842,3.3065106450704227,5.7379352872516565,19.1946495502451,21.31572332449078,10.431990746428571,19.44011448687189,6.911619758974359,13.903296125922765,POINT (-72.46163492900226 45.866795360154065)
2021S0503462,4291732.0,Montréal,B,Census metropolitan area,0.8014483964705882,4.337708336641813,2.9593404701525055,6.946204036625122,1.2730017800648297,3.3205076145075583,7.778981261124651,11.663721982589275,0.657179511764706,1.5885849537295331,0.7220547849693252,4.454793205809711,1.529275106025825,3.348706341223339,1.1853547222903886,3.3586877972894227,0.6567187114457832,1.860481229936306,0.5076692329113924,3.8798169060144128,5.642362024262929,9.383892242349692,0.7567531479087453,4.77147987372435,5.769014062028302,9.592569746478107,5.775826130600707,9.675419899941566,8.361059803885246,13.028960499623837,7.959131872395036,11.341340154901141,2.4265757839939024,5.036473829992063,8.361059803885246,13.028960499623837,6.736151605572754,11.858902998947157,4.528839188373678,8.997856139534884,POINT (-73.70466684841276 45.57677562038447)
2021S0503505,1488307.0,Ottawa - Gatineau,B,Census metropolitan area,0.6492302135135135,1.3043967658301157,1.7337341897106107,4.47822245682776,0.9998074171717173,5.3183067373420005,5.43661094048474,6.795007346265606,0.37987625416666665,0.5551799728125,0.5136624229508198,1.2682065535714284,0.8169816685714285,3.0161364095724315,1.164966078504673,2.4951202981598986,0.7490154513513514,2.1880057589018302,0.2858437,1.390082131640625,3.398649952692868,5.482283139113984,0.5724938931034482,3.2890932833754416,3.4880219656467313,5.564995013841039,3.4880219656467313,5.564995013841039,5.6757058214592275,7.0777926306478705,5.553008848063381,6.472754817888826,1.1470076905405406,5.384474359238965,5.6757058214592275,7.0777926306478705,3.8654038894993894,6.547032151232214,2.425960688343558,4.863419723978052,POINT (-75.78909124420103 45.45038334666055)
2021S0503521,172546.0,Kingston,B,Census metropolitan area,0.5896242769230768,0.7748566076923076,1.1703112289473685,3.552078770436331,0.6686193882352942,4.135298630393995,5.372111469832403,7.837512907334411,,,0.6399740416666666,0.5069319703448276,0.6879976631578948,2.232809634380454,0.5590474166666667,0.541798543292683,0.2866447666666666,0.28354361363636366,0.18214940000000002,0.22503520000000002,2.9677231547169813,5.078427569327308,0.5674750000000001,5.475682585462555,3.00914158,4.286631587382199,3.0685594054054053,5.08945525220981,5.656199921989529,8.123826737016742,5.630988241489362,7.771190061241065,1.1406190862068966,3.731945410594315,5.656199921989529,8.123826737016742,3.4041512544,5.329858964221825,1.8754397681159423,3.9421782969407264,POINT (-76.53945986882196 44.394385890056526)
2021S0503522,111184.0,Belleville - Quinte West,B,Census metropolitan area,1.01937919375,4.569015805597964,2.2157387852941177,5.145884391105464,1.9862516300000002,12.953573474327628,10.594679752150537,23.70971179535891,1.8572357833333335,11.14302831019737,0.97171843125,4.4493256465793305,0.90820260625,3.065897887601078,1.2009488454545454,2.3605115393939395,0.67409145,0.8224386927710843,,,6.174043183636363,14.25738054023956,0.8217732181818183,7.25425866158781,6.598830461538461,16.53952051282125,6.598830461538461,16.53952051282125,10.734781732291667,24.063495229343783,10.635722092146596,20.909002689201877,2.3919023290322583,6.0150416483675935,10.734781732291667,24.063495229343783,7.2351747600000005,23.538147214426296,3.693571447692308,12.47461375883686,POINT (-77.45563168388006 44.2595069148962)
2021S0503529,128624.0,Peterborough,B,Census metropolitan area,1.0576359368421053,1.6044570676712329,2.222778597872341,13.52867453584432,1.2163307142857143,12.956355942711864,7.425704148863637,8.053126776029963,0.4160715666666666,2.646736125614035,0.8495509714285714,0.34662049074074075,0.72530032,3.2566323787148597,1.1080268142857144,1.5526472077151334,0.6727786285714286,1.2356697716101697,0.3647302333333333,5.611226140350876,3.637072604255319,4.8015313892358265,0.5582477777777778,0.45431899753086424,3.833109736734694,4.8669891146043165,3.833109736734694,4.8669891146043165,7.826398597814207,13.350195636944614,7.722936102762431,13.104063369634186,1.5257984843749999,9.66234461764706,7.826398597814207,13.350195636944614,4.705732839655171,12.682230361848678,3.1133700216216216,12.315760732548863,POINT (-78.26660667183613 44.34316261972336)
2021S0503532,415311.0,Oshawa,B,Census metropolitan area,1.4234584826086958,2.327150939728353,1.8920626204545452,5.562865942900965,1.2284761394736843,6.736684960039662,5.215244151056338,11.055950752491743,0.53070498,0.9186388041916167,0.7002859421052632,0.47224100516129036,0.9828057625000001,3.65150331884058,0.9259466916666668,1.802309599543379,0.6111496444444444,1.1910138973214286,1.0206681818181818,8.420464693204982,3.8653621356783923,9.939176663086876,0.6619351636363637,3.3884218268041235,4.1110524545454545,10.572338378105735,4.128735193333332,10.681953138456139,5.671912282236842,11.962098820848734,5.592454627906976,11.411430188809051,1.6777326049180328,7.8385956381875745,5.671912282236842,11.962098820848734,4.689156659663865,11.537346583574285,3.3569214394557823,10.25584765520764,POINT (-78.74170397403367 43.966864344615416)
2021S0503535,6202225.0,Toronto,B,Census metropolitan area,0.6252501074418605,1.7539104082320616,2.7658531630336687,6.952067133740471,1.2747766645640075,5.640652792187984,6.584156357838718,11.31711850635542,0.6206683105431311,1.7542410766645729,0.5973548432372505,1.6631628920527073,1.234453387980769,2.6104031748279817,1.1874887031674208,2.8966383394169197,0.512934652173913,0.6379119294805936,0.34761858717948724,4.886042524167046,5.070924916442783,9.097194997293757,0.4263176080586081,3.341594295509967,5.169861406153335,9.247195490930597,5.175260184499086,9.249071920458594,7.346632227056377,13.627950509868198,6.953280969999999,12.368052917294262,2.3839991213793104,5.492609582020661,7.346632227056377,13.627950509868198,6.132139706457168,11.792520562450182,4.459237065222078,8.937139415029648,POINT (-79.58151599531648 43.90354664412231)
2021S0503537,785184.0,Hamilton,B,Census metropolitan area,0.6572008615384616,4.939656819081048,3.0503778962382446,6.596963958489506,1.8088284366906473,4.890646141681703,8.160373198939247,12.101132584420967,0.8973658272727272,1.2630178412474848,0.8341481954545454,6.473529905591146,1.7551008338129497,7.600770044058571,0.8402044333333333,1.1866933059490083,0.4211197103448276,0.6825366233766234,0.5592135620689654,1.6841389286199093,5.680222259343794,9.04833163670748,0.613221755,8.81536317117347,5.733180589832868,9.486758038533647,5.73573488720445,9.475132171982944,8.856971563110308,14.062376447024661,8.516977537825278,12.832627342051053,3.1006570520599253,8.37737917714128,8.856971563110308,14.062376447024661,7.095986010000001,12.332142114118296,5.38691243885918,11.04123831038082,POINT (-79.92557279343255 43.26597000020391)
2021S0503539,433604.0,St. Catharines - Niagara,B,Census metropolitan area,2.8044427704761907,5.51470749921543,1.8817685148648646,6.28061224689781,1.0584294,6.044162119924812,12.052721057179818,15.45838519239714,0.6074414142857143,0.9582021085972849,0.619183525,0.8805977024653313,1.3188312767857142,6.523785307342232,0.7429271257142857,3.0784694706552704,0.5809163562499999,3.8877945223241595,0.21476373333333332,0.5424811645161289,9.886478223519163,13.602597680135794,0.6090317035714286,1.4774983311953351,10.07431374527027,13.977933877521659,10.077677408600337,13.976859748076922,12.231149581572483,15.863678368315098,10.623864581511471,10.91869590903724,1.6421157535714288,4.580014337529692,12.231149581572483,15.863678368315098,10.594862768161436,15.332755755028938,3.2825887681992336,7.589127019625384,POINT (-79.23262892410308 43.035486425624384)
2021S0503541,575847.0,Kitchener - Cambridge - Waterloo,B,Census metropolitan area,0.8168964610169492,1.6342892296296294,3.3809507048295453,9.575749589289165,1.5727851566878983,6.013447439872274,8.25104278966597,14.339684756577784,0.8095257749999999,2.3065966576636288,0.5900916,1.447339948110599,1.2945649954545455,2.961618584413258,1.010665788,1.812421226982176,0.5281847766666667,0.5761132097196261,0.4957788033333333,4.048472085005574,5.007314628171334,9.223140813497217,0.5803885717391305,2.5755508065410777,5.152780753685898,9.26409485613985,5.15874191168,9.42293989055753,8.826028033497053,16.09972630052209,8.649960288353412,15.123542637832651,2.871941403214286,8.209560732916902,8.826028033497053,16.09972630052209,6.304658450198676,13.82391038476436,4.888891804779411,12.287973727585886,POINT (-80.49074807654213 43.44175763579373)
2021S0503543,144162.0,Brantford,B,Census metropolitan area,0.8795768176470588,2.341263898616601,3.511069757954545,7.336151676912799,1.4915124647058824,3.4845584630182427,12.93370093808219,18.548106710691204,0.9520411894736841,1.9242027948979592,0.5666040181818182,0.8958225722627735,1.5517613078947368,2.6234001728675134,1.108647448148148,3.6525981234411997,0.80696554,1.410499074857143,0.7486237857142858,18.967352028742518,7.272595901843318,13.31894244506173,0.7284671714285714,3.6199160059961315,7.54886586457399,13.849517280290394,7.545505375000001,13.818138374481487,13.503157134464752,19.483853865220095,13.147468470430107,17.796024537402065,2.899839093589744,11.454865702888616,13.503157134464752,19.483853865220095,8.818312442084943,16.332082399619914,5.505314259872612,13.702276217988976,POINT (-80.30784999425154 43.12550921586489)
2021S0503550,165588.0,Guelph,B,Census metropolitan area,0.7941126370370369,2.263930239212828,4.575632886885246,20.447543802517014,3.781926345945946,23.069727334515488,8.897103535185186,23.752476939192654,0.36468565,0.3815569,0.8797917238095239,2.4381387988622,1.2705614437500001,1.4462575661953725,1.0407372464285716,2.0435945764957264,0.6586233818181819,1.8354563458677684,0.5531214538461537,2.9256731554843873,6.240691883251232,11.859616805386645,0.6871617250000001,2.8997499129449835,6.387091133490566,12.689797410563566,6.387091133490566,12.689797410563566,10.115271475977654,28.245988119279193,9.850908726857144,27.55997383761315,3.269853217777778,9.422796528174938,10.115271475977654,28.245988119279193,8.609670789219331,27.4994329379869,6.702409371578947,24.63092680314429,POINT (-80.2196437834468 43.54382894802149)
2021S0503555,543551.0,London,B,Census metropolitan area,0.99468384,2.8160909128509046,3.1091172237623765,11.048484455217245,1.6085014931034485,10.420759965456652,10.319254190661479,15.287802422836656,0.700721590909091,5.457634282990152,0.7892118782608695,1.3113912626626625,0.9863527592592591,3.021442092125984,0.8877210120689655,1.4227792805144195,0.5573923208333333,1.2953161410865874,0.48452325,1.2484653424936387,4.974651529824562,9.438729254896995,0.7788333999999999,1.7236018545045042,5.063857395631068,9.079610754517518,5.063857395631068,9.079610754517518,10.737965722906404,16.956753596704,10.597652707008761,16.379831484401915,2.30083323671875,9.707202091585126,10.737965722906404,16.956753596704,6.343276583495146,14.978972840792498,4.474448923659306,13.248277283060409,POINT (-81.3293143319167 42.93306253472746)
2021S0503559,422630.0,Windsor,B,Census metropolitan area,1.4620133777777777,7.469107516476553,4.170420497435897,17.73399786449645,2.225357457142857,15.05757585241059,9.706469657748539,17.150634856386173,1.0084818411764707,1.5877376113871633,0.6134364884615384,1.596475116851441,1.4896661352112675,3.74639569978678,0.7691932454545455,1.2707417227272726,0.5197153625,2.310170081871345,0.5522646375,4.358997850588235,6.188828152369668,13.84286746600886,0.8181036037037037,6.2963662736702135,6.3524160817972355,13.884654789916723,6.346503551029747,13.947620735476493,10.875361102864584,22.847874545077836,10.589801072096128,21.456002997065173,3.664811771428572,14.856657690895322,10.875361102864584,22.847874545077836,7.474004093656717,20.172279122731933,5.4392911544378695,18.233005927890474,POINT (-82.78130265455401 42.1631341914498)
2021S0503568,212856.0,Barrie,B,Census metropolitan area,0.49117092,0.4109025886699508,2.9806461494736842,5.201503966514459,1.6666298216216218,2.320790392747253,7.437661206593406,7.359534653724961,0.4027483,0.17618181428571428,0.3760024125,0.46885851333333334,0.9517959423076924,0.5700042348017621,0.9436839913043479,1.158265073892774,0.7271538428571428,1.0449514917525775,0.6866588166666666,0.5412204,5.263592082608697,6.335821750982117,0.12473375,0.38156882837837847,5.3104946893048135,6.412024626425911,5.3104946893048135,6.412024626425911,8.015591373037543,8.640353729942266,7.819131018402778,7.7509634420081035,2.818956632894737,4.867156283815385,8.015591373037543,8.640353729942266,6.580030158371041,8.279398968627007,5.026294265248228,7.334167912052464,POINT (-79.7382008685229 44.40703323793972)
2021S0503580,170605.0,Greater Sudbury / Grand Sudbury,B,Census metropolitan area,0.7699389375,0.3806020323529412,1.6142580368421053,2.8985711343796714,1.1295676000000001,0.8917101954545453,5.542527930909091,5.527244172025602,0.720733275,4.663206332721712,0.51665242,0.27707054210526316,2.532004965714286,34.389112534721164,1.9739569384615383,0.8126769205128205,1.1947937400000002,0.4868477444444445,1.0419450285714287,1.0711007431372548,4.249604267857143,4.424949540366973,1.026119911111111,0.845889835576923,4.21287728,4.29464291677691,4.307449423275862,4.370018730810489,6.6588160817708335,27.013018388585095,6.48589414973262,27.24507895687445,2.849152968,4.744213958366533,6.6588160817708335,27.013018388585095,5.55991654039735,28.545229189078754,4.561112359615385,29.03227478133677,POINT (-80.94712353920026 46.54898505072837)
2021S0503595,123258.0,Thunder Bay,B,Census metropolitan area,1.8055004,0.4911129390909091,1.478262505882353,1.5293343239506172,0.6468869142857143,0.16256144285714283,7.61035923398693,5.0164458497783695,0.8227153333333335,2.3713081921259844,1.91878585,0.5736840314606741,1.2275539304347827,1.5676251388773388,1.5857628120000002,1.5086897144537814,1.5157448222222223,1.4090940053061225,,,3.993718276666667,3.752015692194223,1.9975256714285714,0.45214014705882355,3.9419692536842104,3.7271911005278593,3.9419692536842104,3.7271911005278593,7.776917776397515,5.33326589114647,7.6059289181250005,4.995721521978984,1.2298523863636364,1.7336250863309353,7.776917776397515,5.33326589114647,4.792851271794872,4.292886127602278,2.7920246192307694,2.8633897653666147,POINT (-89.35124412653016 48.3684575624437)
2021S0503602,834678.0,Winnipeg,B,Census metropolitan area,0.5425141319148936,1.1883350247908744,2.309836385232068,7.800131689487734,1.434680293457944,6.18434575167294,7.655115375174012,11.880482877337496,0.5166879666666666,0.7112295998046875,0.5881460057692308,0.9112136871333965,1.3094807163636364,4.540028654362645,0.9634564546875,9.17958529598587,0.6540976217391304,1.5939030866348447,0.43087293125,4.560646371290322,4.379862755029586,9.073656880115047,0.5285457615384616,3.139065551032807,4.4546514355263165,9.051112570487774,4.4546514355263165,9.051112570487774,8.126244224100326,12.984735966650419,7.918893865959821,11.910658244570977,1.9950804338983048,5.432538775374349,8.126244224100326,12.984735966650419,5.625796240185472,11.962176747915052,3.842712988221154,10.249303503555684,POINT (-97.04988556999743 49.88672266055175)
2021S0503705,249217.0,Regina,B,Census metropolitan area,0.5892225470588235,0.8939954453987731,1.2339722725490196,2.2076155423000663,0.791505138888889,2.335405302299908,5.577482248717948,12.883264173230621,0.54482614,0.24207929166666664,0.5655628076923077,1.0427686340136055,1.7201131155555556,22.610857586763853,0.6464915714285714,0.9417923529032257,0.4957674714285714,0.8878655309392266,,,2.440244561946902,4.8444834709920634,0.5521288833333333,0.7025199866666666,2.463879844915254,4.85285985844105,2.5482169865546216,4.909854258809892,5.94743395180723,13.465245516187629,5.7461979743902445,12.616164387137028,1.1873938351351352,6.030666016517056,5.94743395180723,13.465245516187629,3.281803580263158,13.950396873133933,2.5377833045454548,13.811958210297087,POINT (-104.61979619617614 50.44889903735301)
2021S0503725,317480.0,Saskatoon,B,Census metropolitan area,0.50293095,0.9714697978,1.238049432142857,3.267390138299025,1.0750160604651164,4.835163218883495,6.3753522881067965,9.578088211476782,0.27261238888888883,0.54405746,0.8397824433333334,2.974421898505435,1.2326533424242425,9.997086839219332,0.6436909230769231,1.3863360045783135,0.3781881875,1.4571456,0.41844868749999997,4.711382213394919,3.416280568018018,4.75108958062134,0.43448172,0.5130373530386739,3.5454160910638297,5.018328974084508,3.5454160910638297,5.018328974084508,6.653096811085972,9.978850214015806,6.504363515313225,9.42919162840696,1.5601225329268291,2.94452386565008,6.653096811085972,9.978850214015806,4.29349966450512,9.620583886764903,2.871032292972973,8.929748111392197,POINT (-106.5646104797232 52.097412721719714)
2021S0503810,123847.0,Lethbridge,B,Census metropolitan area,0.4553570454545454,0.643138308,1.091539971875,2.62668847114846,0.6413778923076924,2.0024228974358973,12.224838749999998,11.476141014068322,0.19404523333333334,0.03481906666666666,0.47417281250000004,0.4919368166666668,0.7986018250000001,1.3722552675516224,1.4769470500000002,1.1955399513944225,0.1131319,0.1883290459459459,0.3496503,3.9346079,3.7707909738738734,4.6551302998697075,0.3001512,0.5277488945054946,3.85094335,4.647153789133165,3.85094335,4.647153789133165,12.362677313937281,12.218531583631579,12.332852048398575,9.974748651133957,1.3131704333333334,4.623923890282685,12.362677313937281,12.218531583631579,4.5066583230215835,7.482268075807664,2.4448034291666665,5.620822301711352,POINT (-112.76713033321741 49.84329772413683)
2021S0503825,1481806.0,Calgary,B,Census metropolitan area,0.47655494148936167,1.4096182021403683,1.4725159090425533,2.3035278964341304,0.842181704516129,1.9434207630253892,4.598223010303413,5.973381346974771,0.4579596607843137,0.44549838462389385,0.4400644828571429,1.2976199193333335,1.213845550886076,2.7343405889829495,0.8576707325925924,1.878639691073326,0.3886249894736842,1.7854470873617694,0.17954064999999997,0.46554516,3.392143056465517,5.616148423260942,0.4010085630769231,0.3084422906698565,3.4808139505735136,5.720185819650584,3.4808139505735136,5.720185819650584,5.150746039222614,7.117529515123366,4.887024961162079,6.483082449967956,1.7614550277936962,3.038343103710797,5.150746039222614,7.117529515123366,4.285693920322817,6.640060804043902,3.177620955659398,5.663478125182989,POINT (-114.07821828884788 51.18049157858904)
2021S0503830,100844.0,Red Deer,B,Census metropolitan area,0.3237919166666667,0.21676924225352115,1.2695956722222224,0.7062858317073171,0.8712487999999999,0.9630075,4.113393086458333,2.346266317520858,0.2904163,0.0787073,0.29174484,0.20882737101449275,0.8984469700000001,0.5760998980769231,0.343440375,0.21685555,0.29657806666666664,0.205295596,0.1936108,0.3148294,2.2262844304347826,0.8551933080996884,0.3237919166666667,0.10346711842105265,2.3049880166666665,0.8606725089506172,2.3049880166666665,0.8606725089506172,4.154610378571428,2.3520260753488373,4.02335253125,2.291076864676617,1.244474475,0.7362292698863636,4.154610378571428,2.3520260753488373,3.4684975027397256,2.172329653994083,2.8801083803921568,2.1756596895795246,POINT (-113.79732897624814 52.28157613674051)
2021S0503835,1418118.0,Edmonton,B,Census metropolitan area,0.5168896806451613,1.6975158845997973,1.8213525628712872,1.8684837275330397,0.9912945494318182,1.0817641784656395,5.974493643729903,6.797654952565052,0.642049508045977,0.7060482963762529,0.6184399183673469,0.7943008647577092,1.783655164124294,4.841710797977073,0.69134586171875,2.274010802971103,0.4371899672413793,1.9935653741863906,0.31375508064516133,0.3770477910059171,3.791906308613445,3.9771957762764285,0.3885174120689655,1.5284211888,3.8837013698170733,4.050398994939833,3.888904393813387,4.08320210437095,6.657350920877193,7.678358674394059,6.4327677653614455,7.247928429221339,2.5171933757111598,3.8467760648573726,6.657350920877193,7.678358674394059,5.32909897801691,6.819939491401527,4.0456823602409635,6.2329267061320515,POINT (-113.7903991543829 53.512923975435896)
2021S0503915,222162.0,Kelowna,B,Census metropolitan area,1.142629044262295,1.1231154155419223,1.7621720124999998,1.855301510989011,0.7480294352941177,0.4712386310126582,7.209199798614319,8.726891680346716,0.49439744615384623,0.4501770353658537,0.6653270942857142,0.4017098434615385,1.5183289916666667,2.6171699907324366,1.045085393181818,3.3126022482613275,0.6281265882352941,4.4750062687366166,0.24266315,0.23925265151515154,6.411116873964498,8.892040637352942,0.510572692,0.530195775088968,6.522563282253521,8.896545424813244,6.517062586516855,8.891869061541566,7.938888728297873,9.831787735503154,7.4576445379775285,8.743515638220291,1.5602363807692308,2.3426430413744743,7.938888728297873,9.831787735503154,7.093533273737373,9.5756656724003,3.472197035403727,4.7995360126001785,POINT (-119.45813569152432 49.9488376313401)
2021S0503925,114142.0,Kamloops,B,Census metropolitan area,0.8861367058823529,0.9236206841409692,0.740700994736842,0.9208298853982302,0.6466873750000001,0.5563028989473684,5.1891554679738565,14.977461202361114,0.4784689,0.1097293,0.5022071307692307,0.7559655620879121,1.2883202368421054,1.7270361532846716,1.2042574954545455,3.5235512447598247,0.7761574099999999,4.899869494402985,0.36962762,0.28305228800000004,3.0843587845360827,14.692103958062575,0.5239874142857143,0.48041971333333316,3.2508889105769225,14.12955887050114,3.2508889105769225,14.12955887050114,5.626963904242425,14.815336411994787,5.599382390000001,12.668990917120237,1.2250309304347828,3.738706278627968,5.626963904242425,14.815336411994787,3.9802895826446285,14.688032240513834,2.63473981884058,5.295062642453662,POINT (-120.51102551972397 50.80116083010332)
2021S0503930,113767.0,Chilliwack,B,Census metropolitan area,0.7730521352941176,1.3718777827586206,1.9765416075,3.446155424968944,0.9392095687500001,1.7884511707865167,18.513238995177662,21.572982679060587,0.3284072,0.1098815,0.7296374,1.1356161429718874,0.6976760846153846,0.7990073061224491,1.3943351,2.7441776979289942,0.88644004,2.7348729389830506,0.39165720000000004,0.6268989216216216,7.187489709729729,15.583726193059128,0.5577328111111111,1.4423736965517242,7.287441211702128,15.335707590706093,7.287441211702128,15.335707590706093,18.811670236633663,21.66715046897445,17.760026972538864,13.967200736375062,1.811923023076923,2.49256337952,18.811670236633663,21.66715046897445,8.13150368425926,16.21152553383626,3.9447950326315797,6.895221554770889,POINT (-121.72302426991679 49.13771269594975)
2021S0503932,195726.0,Abbotsford - Mission,B,Census metropolitan area,0.7594795862068966,0.6843960895833334,1.322247420289855,2.382443504879938,0.7274035333333332,1.2090776325396826,15.670875207611939,15.943592930589261,0.6055005714285714,0.29740897826086954,0.3722101,0.6008465723577235,1.1249374425,2.0311345074837313,1.5991527703124997,3.0446548367694803,1.0506612515151514,1.6360561745958433,0.32952638000000006,0.4891400846846847,9.984560255530974,10.711160424545598,0.2583438625,0.513575080748663,10.18452457710583,10.821556899829984,10.18452457710583,10.821556899829984,16.19891418023088,17.775408674058248,15.922795680087848,15.180975924139933,1.6662387066666666,2.947871071330117,16.19891418023088,17.775408674058248,10.965390100787403,12.922993227209457,3.6888159028735634,7.184466441817676,POINT (-122.3081869891374 49.134773412097765)
2021S0503933,2642825.0,Vancouver,B,Census metropolitan area,0.755677452919708,2.508139783708673,2.0008654242156867,3.494794320510407,1.0250300559556786,1.9323975175995969,6.655040301134021,9.38473082009725,0.48653162842105263,0.5720907250527797,0.7389216567049809,1.5411565464761376,1.1319331661855672,2.7325989409575113,1.2495589651356993,2.228457287103364,0.6719506281767955,1.5984980199756762,0.36747709375,0.8796534695238096,5.299421538043107,7.434733741993884,0.6131036683908045,2.452914875308642,5.428764708327825,7.45655350748007,5.438095541908851,7.533912160889895,7.179478162949465,10.329471564334156,6.734466189755237,8.990675235274205,1.8723116706507306,4.0044206918741905,7.179478162949465,10.329471564334156,6.115826719489287,8.858801072678755,3.7117899363683127,6.23258793257525,POINT (-122.83572708164883 49.28231821452738)
2021S0503935,397237.0,Victoria,B,Census metropolitan area,1.0190146094339623,1.3009127347402596,1.903897277952756,4.289963512007685,0.8282138027027026,2.270734310138889,5.069093566738661,5.259303636121674,0.8910122333333332,0.28886517788461535,0.6600688025641026,0.5394419219879518,1.0746570740740742,0.8786816387033398,1.0523372500000001,1.7922600609576427,0.6976208785714285,0.4799807705882353,0.38022809999999996,0.102438,4.186622654469273,3.2811123563048827,0.9215060742857143,1.3230421423868313,4.383875467810026,3.2831929619744633,4.383875467810026,3.2831929619744633,5.378238048979592,5.515257485238296,5.137485951271186,5.0104954063732565,1.4885323164383562,2.4671467718861213,5.378238048979592,5.515257485238296,4.834500270588235,5.362786667919363,2.9393231226600984,4.914039353926879,POINT (-123.55103450124332 48.46534082412061)
2021S0503938,115459.0,Nanaimo,B,Census metropolitan area,0.5479708090909091,0.39884772374999994,1.1761075125,1.0059837747191012,0.5702357666666668,2.520380927536232,4.943944289922481,5.714416515751445,0.2923977,0.40858020000000006,0.51937758,1.5955520447204972,1.2303075764705882,2.445566345714286,1.5784468400000002,1.9609834852348993,0.6459570571428571,2.1691191175438598,0.6493506,0.39370079999999996,3.832346850537634,7.196090586356467,0.35222413333333336,0.44251757499999994,3.9628732319587625,7.256703274845202,3.9628732319587625,7.256703274845202,5.691226984722222,8.03513456025641,5.454077708571429,6.594104331899642,1.4055060961538464,1.541648184888889,5.691226984722222,8.03513456025641,4.683591068376069,8.007830924502402,3.016189319117647,3.9472532532668887,POINT (-124.23458000852109 49.12800937663893)
