"HS.Code","Category"
"2204.10.00","alcohol"
"2204.21.20","alcohol"
"2204.21.30","alcohol"
"2204.21.50","alcohol"
"2204.21.60","alcohol"
"2204.21.80","alcohol"
"2204.22.20","alcohol"
"2204.22.40","alcohol"
"2204.22.60","alcohol"
"2204.22.80","alcohol"
"2204.29.61","alcohol"
"2204.29.81","alcohol"
"2205.10.30","alcohol"
"2206.00.15","alcohol"
"2206.00.30","alcohol"
"2206.00.45","alcohol"
"2206.00.60","alcohol"
"2206.00.90","alcohol"
"2207.10.30","alcohol"
"2208.20.10","alcohol"
"2208.20.20","alcohol"
"2208.20.30","alcohol"
"2208.20.40","alcohol"
"2208.20.50","alcohol"
"2208.20.60","alcohol"
"2208.30.30","alcohol"
"2208.30.60","alcohol"
"2208.40.20","alcohol"
"2208.40.40","alcohol"
"2208.40.60","alcohol"
"2208.40.80","alcohol"
"2208.50.00","alcohol"
"2208.60.10","alcohol"
"2208.60.20","alcohol"
"2208.60.50","alcohol"
"2208.70.00","alcohol"
"2208.90.10","alcohol"
"2208.90.12","alcohol"
"2208.90.14","alcohol"
"2208.90.15","alcohol"
"2208.90.20","alcohol"
"2208.90.25","alcohol"
"2208.90.30","alcohol"
"2208.90.35","alcohol"
"2208.90.40","alcohol"
"2208.90.50","alcohol"
"2208.90.72","alcohol"
"2208.90.75","alcohol"
"3301.19.10","alcohol"
"4413.00.00","alcohol"
"4419.90.91","alcohol"
"4420.90.80","alcohol"
"4421.91.60","alcohol"
"4421.91.70","alcohol"
"4602.19.80","alcohol"
"4804.11.00","alcohol"
"4806.20.00","alcohol"
"4810.13.19","alcohol"
"4811.59.60","alcohol"
"4811.90.80","alcohol"
"4811.90.90","alcohol"
"9506.99.25","alcohol"
"0402.10.10","dairy"
"0402.10.50","dairy"
"0402.21.02","dairy"
"0402.21.05","dairy"
"0402.21.25","dairy"
"0402.21.27","dairy"
"0402.21.30","dairy"
"0402.21.50","dairy"
"0402.21.73","dairy"
"0402.21.75","dairy"
"0402.21.90","dairy"
"0402.91.03","dairy"
"0402.91.06","dairy"
"0402.99.68","dairy"
"0404.10.05","dairy"
"0404.10.08","dairy"
"0404.10.11","dairy"
"0404.10.15","dairy"
"0404.10.20","dairy"
"0404.10.48","dairy"
"0404.10.50","dairy"
"0404.10.90","dairy"
"0404.90.10","dairy"
"0404.90.28","dairy"
"0404.90.30","dairy"
"0404.90.50","dairy"
"0404.90.70","dairy"
"0506.90.00","dairy"
"1210.20.00","dairy"
"1301.90.91","dairy"
"1702.11.00","dairy"
"1702.19.00","dairy"
"1702.30.28","dairy"
"1702.40.28","dairy"
"1702.60.28","dairy"
"1702.90.35","dairy"
"1702.90.58","dairy"
"1702.90.68","dairy"
"1703.10.30","dairy"
"1703.10.50","dairy"
"1703.90.30","dairy"
"1703.90.50","dairy"
"1901.20.35","dairy"
"2202.91.00","dairy"
"3301.24.00","dairy"
"3501.10.10","dairy"
"3501.10.50","dairy"
"3501.90.20","dairy"
"3501.90.60","dairy"
"3502.20.00","dairy"
"3504.00.50","dairy"
"0505.10.00","motor"
"0506.10.00","motor"
"0507.90.00","motor"
"0510.00.40","motor"
"0511.99.20","motor"
"0511.99.33","motor"
"0511.99.36","motor"
"0511.99.40","motor"
"0601.10.15","motor"
"0601.10.30","motor"
"0601.10.45","motor"
"0601.10.60","motor"
"0601.10.90","motor"
"0601.20.10","motor"
"0602.10.00","motor"
"0602.90.20","motor"
"0602.90.50","motor"
"0603.11.00","motor"
"0603.13.00","motor"
"0603.14.00","motor"
"0603.15.00","motor"
"0603.19.01","motor"
"0603.90.00","motor"
"0604.90.10","motor"
"0604.90.30","motor"
"0604.90.60","motor"
"1209.10.00","motor"
"1209.22.20","motor"
"1209.29.10","motor"
"1209.30.00","motor"
"1209.91.40","motor"
"1209.91.80","motor"
"1209.99.20","motor"
"1209.99.41","motor"
"1210.10.00","motor"
"1211.90.20","motor"
"1211.90.40","motor"
"1211.90.89","motor"
"1211.90.93","motor"
"1212.21.00","motor"
"1212.92.00","motor"
"1212.99.92","motor"
"1301.20.00","motor"
"1301.90.40","motor"
"1302.13.00","motor"
"1302.19.41","motor"
"1302.19.91","motor"
"1302.20.00","motor"
"1302.31.00","motor"
"1302.32.00","motor"
"1302.39.00","motor"
"1401.10.00","motor"
"1401.90.20","motor"
"1401.90.40","motor"
"1404.20.00","motor"
"1404.90.40","motor"
"1404.90.90","motor"
"1901.20.25","motor"
"1901.20.60","motor"
"1901.20.70","motor"
"2208.90.05","motor"
"2208.90.80","motor"
"2501.00.00","motor"
"2523.29.00","motor"
"2905.43.00","motor"
"2905.44.00","motor"
"2905.45.00","motor"
"2940.00.20","motor"
"2940.00.60","motor"
"3208.90.00","motor"
"3214.90.50","motor"
"3215.19.90","motor"
"3301.12.00","motor"
"3301.13.00","motor"
"3301.19.51","motor"
"3301.25.00","motor"
"3301.29.10","motor"
"3301.29.20","motor"
"3301.29.51","motor"
"3301.30.00","motor"
"3301.90.10","motor"
"3301.90.50","motor"
"3302.10.10","motor"
"3302.10.20","motor"
"3302.10.40","motor"
"3302.10.50","motor"
"3302.10.90","motor"
"3303.00.30","motor"
"3304.10.00","motor"
"3304.20.00","motor"
"3304.30.00","motor"
"3305.90.00","motor"
"3406.00.00","motor"
"3502.11.00","motor"
"3502.90.00","motor"
"3503.00.40","motor"
"3503.00.55","motor"
"3504.00.10","motor"
"3505.10.00","motor"
"3505.20.00","motor"
"3811.21.00","motor"
"3823.11.00","motor"
"3823.12.00","motor"
"3823.13.00","motor"
"3823.19.20","motor"
"3823.19.40","motor"
"3823.70.40","motor"
"3823.70.60","motor"
"3824.60.00","motor"
"3824.99.39","motor"
"3824.99.55","motor"
"3824.99.93","motor"
"3907.70.00","motor"
"3907.99.50","motor"
"3918.10.10","motor"
"3919.10.20","motor"
"3919.90.50","motor"
"3920.20.00","motor"
"3921.19.00","motor"
"3921.90.50","motor"
"3923.10.90","motor"
"3923.21.00","motor"
"3923.30.00","motor"
"3923.50.00","motor"
"3924.10.20","motor"
"3924.10.40","motor"
"3924.90.56","motor"
"3926.10.00","motor"
"3926.30.10","motor"
"3926.30.50","motor"
"3926.40.00","motor"
"3926.90.99","motor"
"4016.93.50","motor"
"4016.99.15","motor"
"4016.99.35","motor"
"4101.20.10","motor"
"4101.20.20","motor"
"4101.50.20","motor"
"4101.90.50","motor"
"4103.20.30","motor"
"4201.00.30","motor"
"4201.00.60","motor"
"4202.12.21","motor"
"4202.12.81","motor"
"4202.12.89","motor"
"4202.92.15","motor"
"4202.92.31","motor"
"4202.92.50","motor"
"4202.92.97","motor"
"4202.99.10","motor"
"4202.99.90","motor"
"4203.29.40","motor"
"4203.30.00","motor"
"4205.00.80","motor"
"4301.90.00","motor"
"4303.10.00","motor"
"4401.12.00","motor"
"4402.90.01","motor"
"4407.99.02","motor"
"4408.10.01","motor"
"4409.10.40","motor"
"4409.10.50","motor"
"4409.10.90","motor"
"4409.29.91","motor"
"4410.19.00","motor"
"4411.13.20","motor"
"4411.13.90","motor"
"4411.14.20","motor"
"4411.14.30","motor"
"4411.14.90","motor"
"4412.10.05","motor"
"4412.10.90","motor"
"4412.31.06","motor"
"4412.31.26","motor"
"4412.31.42","motor"
"4412.31.45","motor"
"4412.31.48","motor"
"4412.31.52","motor"
"4412.31.61","motor"
"4412.31.92","motor"
"4412.33.06","motor"
"4412.33.26","motor"
"4412.33.32","motor"
"4412.33.57","motor"
"4412.34.26","motor"
"4412.34.32","motor"
"4412.34.57","motor"
"4412.39.10","motor"
"4412.39.30","motor"
"4412.39.40","motor"
"4412.39.50","motor"
"4412.41.00","motor"
"4412.42.00","motor"
"4412.49.00","motor"
"4412.51.10","motor"
"4412.51.31","motor"
"4412.52.10","motor"
"4412.52.31","motor"
"4412.52.51","motor"
"4412.91.06","motor"
"4412.91.31","motor"
"4412.91.41","motor"
"4412.91.51","motor"
"4412.92.07","motor"
"4412.92.11","motor"
"4412.92.31","motor"
"4412.92.42","motor"
"4412.92.52","motor"
"4412.99.58","motor"
"4412.99.61","motor"
"4412.99.81","motor"
"4412.99.91","motor"
"4412.99.97","motor"
"4414.90.00","motor"
"4418.21.80","motor"
"4418.29.80","motor"
"4420.19.00","motor"
"4421.99.70","motor"
"4421.99.94","motor"
"4421.99.98","motor"
"4702.00.00","motor"
"4802.55.10","motor"
"4803.00.40","motor"
"4810.29.10","motor"
"4810.92.12","motor"
"4811.51.20","motor"
"4811.51.40","motor"
"4813.10.00","motor"
"4814.20.00","motor"
"4817.10.00","motor"
"4818.30.00","motor"
"4818.90.00","motor"
"4819.10.00","motor"
"4819.40.00","motor"
"4819.50.40","motor"
"4820.10.20","motor"
"4820.30.00","motor"
"4821.90.40","motor"
"4823.69.00","motor"
"4823.70.00","motor"
"4823.90.10","motor"
"4823.90.67","motor"
"4823.90.86","motor"
"4908.90.00","motor"
"4911.91.40","motor"
"5002.00.00","motor"
"5003.00.90","motor"
"5101.11.60","motor"
"5103.20.00","motor"
"5201.00.05","motor"
"5201.00.80","motor"
"5202.10.00","motor"
"5202.91.00","motor"
"5202.99.50","motor"
"5407.52.20","motor"
"5511.10.00","motor"
"5512.19.00","motor"
"5603.12.00","motor"
"5603.13.00","motor"
"5603.14.90","motor"
"5603.92.00","motor"
"5603.94.90","motor"
"5607.50.40","motor"
"5703.39.20","motor"
"5806.32.20","motor"
"5903.90.25","motor"
"5903.90.30","motor"
"5907.00.60","motor"
"5911.90.00","motor"
"6006.31.00","motor"
"6006.32.00","motor"
"6006.33.00","motor"
"6104.43.20","motor"
"6104.63.20","motor"
"6109.10.00","motor"
"6110.20.20","motor"
"6110.30.30","motor"
"6116.93.88","motor"
"6201.40.55","motor"
"6201.40.60","motor"
"6202.40.10","motor"
"6202.40.55","motor"
"6202.40.60","motor"
"6203.11.90","motor"
"6203.31.50","motor"
"6203.31.90","motor"
"6203.41.60","motor"
"6204.43.40","motor"
"6204.49.10","motor"
"6210.20.50","motor"
"6210.40.55","motor"
"6210.50.55","motor"
"6211.32.90","motor"
"6211.33.90","motor"
"6211.43.10","motor"
"6303.92.20","motor"
"6305.33.00","motor"
"6306.12.00","motor"
"6306.19.21","motor"
"6307.90.98","motor"
"6403.91.90","motor"
"6505.00.60","motor"
"6506.10.60","motor"
"6704.19.00","motor"
"6809.11.00","motor"
"6810.99.00","motor"
"7010.90.50","motor"
"7013.99.90","motor"
"7102.39.00","motor"
"7106.92.10","motor"
"7113.11.50","motor"
"7113.19.29","motor"
"7113.19.50","motor"
"7117.19.90","motor"
"7118.10.00","motor"
"7203.10.00","motor"
"7801.10.00","motor"
"8113.00.00","motor"
"8201.30.00","motor"
"8202.31.00","motor"
"8202.40.60","motor"
"8203.20.60","motor"
"8203.30.00","motor"
"8204.11.00","motor"
"8204.12.00","motor"
"8204.20.00","motor"
"8205.20.30","motor"
"8205.59.80","motor"
"8206.00.00","motor"
"8209.00.00","motor"
"8212.10.00","motor"
"8301.60.00","motor"
"8303.00.00","motor"
"8306.29.00","motor"
"8410.11.00","motor"
"8414.80.05","motor"
"8418.50.00","motor"
"8418.69.01","motor"
"8419.40.00","motor"
"8419.89.95","motor"
"8421.99.01","motor"
"8422.30.91","motor"
"8422.40.91","motor"
"8422.90.91","motor"
"8424.30.10","motor"
"8424.30.90","motor"
"8426.41.00","motor"
"8433.60.00","motor"
"8438.40.00","motor"
"8440.10.00","motor"
"8442.50.10","motor"
"8443.91.30","motor"
"8479.82.00","motor"
"8508.19.00","motor"
"8517.13.00","motor"
"8517.61.00","motor"
"8517.62.00","motor"
"8517.79.00","motor"
"8521.90.00","motor"
"8523.49.40","motor"
"8523.49.50","motor"
"8523.51.00","motor"
"8523.52.00","motor"
"8525.50.30","motor"
"8525.50.70","motor"
"8525.81.00","motor"
"8525.89.20","motor"
"8525.89.30","motor"
"8525.89.40","motor"
"8525.89.50","motor"
"8526.10.00","motor"
"8526.91.00","motor"
"8526.92.50","motor"
"8528.52.00","motor"
"8528.59.33","motor"
"8528.62.00","motor"
"8528.69.45","motor"
"8529.10.40","motor"
"8529.10.91","motor"
"8529.90.13","motor"
"8529.90.16","motor"
"8529.90.21","motor"
"8529.90.81","motor"
"8529.90.87","motor"
"8534.00.00","motor"
"8537.10.91","motor"
"8543.70.98","motor"
"8544.49.30","motor"
"8544.70.00","motor"
"8711.50.00","motor"
"8905.90.10","motor"
"8906.90.00","motor"
"8907.90.00","motor"
"9031.49.90","motor"
"9401.39.00","motor"
"9401.69.60","motor"
"9401.71.00","motor"
"9401.79.00","motor"
"9401.91.90","motor"
"9401.99.10","motor"
"9403.20.00","motor"
"9403.50.90","motor"
"9403.60.80","motor"
"9403.70.80","motor"
"9403.99.10","motor"
"9403.99.20","motor"
"9403.99.30","motor"
"9403.99.40","motor"
"9403.99.50","motor"
"9405.11.60","motor"
"9405.11.80","motor"
"9405.42.60","motor"
"9405.42.84","motor"
"9405.99.40","motor"
"9503.00.00","motor"
"9504.30.00","motor"
"9504.50.00","motor"
"9504.90.40","motor"
"9505.10.25","motor"
"9505.90.60","motor"
"9506.39.00","motor"
"9506.70.40","motor"
"9506.70.60","motor"
"9506.91.00","motor"
"9506.99.55","motor"
"9506.99.60","motor"
"9507.10.00","motor"
"9701.21.00","motor"
"9701.91.00","motor"
"9701.99.00","motor"
"9702.90.00","motor"
"9703.10.00","motor"
"9703.90.00","motor"
"9704.00.00","motor"
"9705.10.00","motor"
"9705.29.00","motor"
"9705.39.00","motor"
"9706.90.00","motor"
