CSDDGUID,CSD_Total_Emp
2021A00051001101,0
2021A00051001105,7
2021A00051001113,171
2021A00051001120,3
2021A00051001124,199
2021A00051001126,114
2021A00051001131,34
2021A00051001136,51
2021A00051001144,81
2021A00051001149,193
2021A00051001155,112
2021A00051001169,24
2021A00051001178,176
2021A00051001203,35
2021A00051001207,28
2021A00051001219,35
2021A00051001225,0
2021A00051001228,58
2021A00051001234,13
2021A00051001240,2439
2021A00051001254,13
2021A00051001259,37
2021A00051001263,610
2021A00051001267,14
2021A00051001270,608
2021A00051001274,770
2021A00051001277,36
2021A00051001281,54
2021A00051001285,89
2021A00051001289,135
2021A00051001293,73
2021A00051001298,919
2021A00051001304,813
2021A00051001308,102
2021A00051001312,53
2021A00051001316,61
2021A00051001321,16
2021A00051001325,64
2021A00051001328,10
2021A00051001332,258
2021A00051001335,19
2021A00051001339,113
2021A00051001343,779
2021A00051001347,576
2021A00051001352,46
2021A00051001357,23
2021A00051001361,28
2021A00051001365,137
2021A00051001370,3096
2021A00051001374,51
2021A00051001375,0
2021A00051001379,851
2021A00051001385,148
2021A00051001394,24
2021A00051001396,377
2021A00051001409,3605
2021A00051001421,36
2021A00051001426,10
2021A00051001429,513
2021A00051001434,106
2021A00051001437,89
2021A00051001441,42
2021A00051001452,12
2021A00051001456,12
2021A00051001461,49
2021A00051001464,76
2021A00051001469,39
2021A00051001472,1179
2021A00051001485,5547
2021A00051001490,15
2021A00051001494,314
2021A00051001504,1407
2021A00051001505,182
2021A00051001507,181
2021A00051001509,1090
2021A00051001511,311
2021A00051001512,31
2021A00051001517,6945
2021A00051001519,82510
2021A00051001542,16434
2021A00051001551,202
2021A00051001557,461
2021A00051001559,784
2021A00051002002,736
2021A00051002005,240
2021A00051002006,3
2021A00051002008,908
2021A00051002011,54
2021A00051002012,119
2021A00051002014,0
2021A00051002016,0
2021A00051002017,0
2021A00051002018,612
2021A00051002021,65
2021A00051002023,47
2021A00051002024,2141
2021A00051002025,35
2021A00051002026,6
2021A00051002027,113
2021A00051002030,13
2021A00051002031,52
2021A00051002033,10
2021A00051002034,18
2021A00051002036,20
2021A00051002037,6
2021A00051002039,10
2021A00051002040,13
2021A00051002041,28
2021A00051002044,3
2021A00051002048,31
2021A00051002055,6
2021A00051003002,7
2021A00051003003,99
2021A00051003004,44
2021A00051003005,9
2021A00051003006,90
2021A00051003008,592
2021A00051003010,16
2021A00051003011,149
2021A00051003012,10
2021A00051003014,9
2021A00051003018,234
2021A00051003019,871
2021A00051003020,9
2021A00051003021,6
2021A00051003024,59
2021A00051003026,85
2021A00051003031,20
2021A00051003032,33
2021A00051003033,31
2021A00051003034,1943
2021A00051003038,9
2021A00051003045,57
2021A00051004001,666
2021A00051004006,296
2021A00051004011,9
2021A00051004013,111
2021A00051004016,6
2021A00051004017,10
2021A00051004018,315
2021A00051004019,4015
2021A00051004020,174
2021A00051004021,383
2021A00051004022,39
2021A00051004033,68
2021A00051004037,94
2021A00051004042,10
2021A00051005001,3
2021A00051005003,37
2021A00051005004,2209
2021A00051005005,28
2021A00051005006,28
2021A00051005007,3
2021A00051005008,124
2021A00051005009,75
2021A00051005010,84
2021A00051005011,135
2021A00051005012,795
2021A00051005014,244
2021A00051005015,405
2021A00051005016,28
2021A00051005017,89
2021A00051005018,12925
2021A00051005020,690
2021A00051005022,24
2021A00051005023,87
2021A00051005024,43
2021A00051005025,94
2021A00051005028,19
2021A00051005030,64
2021A00051005033,63
2021A00051005035,37
2021A00051006001,25
2021A00051006003,132
2021A00051006008,78
2021A00051006009,6859
2021A00051006011,39
2021A00051006012,249
2021A00051006014,245
2021A00051006017,7536
2021A00051006019,919
2021A00051006021,28
2021A00051006022,816
2021A00051006028,35
2021A00051006029,3
2021A00051006031,217
2021A00051007001,89
2021A00051007006,521
2021A00051007013,5085
2021A00051007014,80
2021A00051007015,188
2021A00051007016,132
2021A00051007018,10
2021A00051007020,64
2021A00051007022,258
2021A00051007023,2014
2021A00051007024,55
2021A00051007025,6
2021A00051007026,6
2021A00051007027,13
2021A00051007028,113
2021A00051007031,632
2021A00051007032,36
2021A00051007036,194
2021A00051007037,89
2021A00051007038,31
2021A00051007039,125
2021A00051007040,34
2021A00051007041,134
2021A00051007042,127
2021A00051007043,27
2021A00051007044,848
2021A00051007046,3
2021A00051007047,457
2021A00051007048,6
2021A00051007050,161
2021A00051007051,7
2021A00051007054,219
2021A00051007056,0
2021A00051007057,342
2021A00051007060,982
2021A00051007067,34
2021A00051008001,6
2021A00051008004,116
2021A00051008006,145
2021A00051008008,272
2021A00051008011,364
2021A00051008024,27
2021A00051008026,3
2021A00051008029,227
2021A00051008031,205
2021A00051008032,26
2021A00051008033,174
2021A00051008035,715
2021A00051008036,21
2021A00051008037,94
2021A00051008038,108
2021A00051008039,429
2021A00051008040,68
2021A00051008042,6
2021A00051008043,39
2021A00051008044,1756
2021A00051008045,13
2021A00051008046,6
2021A00051008047,27
2021A00051008048,43
2021A00051008049,98
2021A00051008053,37
2021A00051008054,768
2021A00051008055,16
2021A00051008056,16
2021A00051008058,141
2021A00051008059,90
2021A00051008061,1557
2021A00051008062,3
2021A00051008063,16
2021A00051008064,3
2021A00051008065,18
2021A00051008066,0
2021A00051008067,3
2021A00051008069,160
2021A00051008070,6
2021A00051008071,22
2021A00051008072,49
2021A00051008074,6
2021A00051008075,35
2021A00051008076,178
2021A00051008077,12
2021A00051008078,18
2021A00051008079,855
2021A00051008091,16
2021A00051008092,10
2021A00051008093,29
2021A00051008095,372
2021A00051008096,17
2021A00051008098,3
2021A00051008099,1093
2021A00051009001,3
2021A00051009004,114
2021A00051009007,279
2021A00051009008,165
2021A00051009009,53
2021A00051009010,55
2021A00051009011,218
2021A00051009012,406
2021A00051009013,679
2021A00051009015,109
2021A00051009016,140
2021A00051009017,38
2021A00051009018,111
2021A00051009020,51
2021A00051009021,384
2021A00051009023,196
2021A00051009024,193
2021A00051009026,30
2021A00051009028,259
2021A00051009029,1457
2021A00051009032,187
2021A00051009034,27
2021A00051009035,22
2021A00051009037,14
2021A00051009042,6
2021A00051009047,0
2021A00051009048,76
2021A00051010001,3
2021A00051010002,740
2021A00051010003,28
2021A00051010004,100
2021A00051010005,375
2021A00051010006,22
2021A00051010008,9
2021A00051010009,60
2021A00051010010,34
2021A00051010011,189
2021A00051010012,188
2021A00051010013,45
2021A00051010022,630
2021A00051010025,5615
2021A00051010029,393
2021A00051010032,3826
2021A00051010034,1654
2021A00051010801,447
2021A00051011010,67
2021A00051011015,72
2021A00051011020,74
2021A00051011030,88
2021A00051011035,446
2021A00051101002,80
2021A00051101003,422
2021A00051101004,167
2021A00051101005,130
2021A00051101020,15
2021A00051101025,10
2021A00051101027,6
2021A00051101030,40
2021A00051101033,141
2021A00051101035,550
2021A00051101036,1358
2021A00051101037,143
2021A00051101040,231
2021A00051101043,496
2021A00051101044,176
2021A00051101045,4346
2021A00051101048,377
2021A00051101052,103
2021A00051102002,742
2021A00051102003,6
2021A00051102005,0
2021A00051102010,378
2021A00051102011,44
2021A00051102013,62
2021A00051102015,21
2021A00051102016,1142
2021A00051102017,1337
2021A00051102018,197
2021A00051102019,170
2021A00051102020,69
2021A00051102021,77
2021A00051102022,87
2021A00051102030,0
2021A00051102032,49
2021A00051102034,194
2021A00051102035,6
2021A00051102037,543
2021A00051102040,350
2021A00051102043,69
2021A00051102045,1031
2021A00051102046,1100
2021A00051102050,9
2021A00051102051,6
2021A00051102055,364
2021A00051102057,56
2021A00051102059,324
2021A00051102061,658
2021A00051102064,303
2021A00051102066,154
2021A00051102067,0
2021A00051102068,509
2021A00051102069,31
2021A00051102070,63
2021A00051102071,565
2021A00051102072,60
2021A00051102073,426
2021A00051102075,37947
2021A00051102080,3393
2021A00051102085,1279
2021A00051103002,39
2021A00051103003,750
2021A00051103004,133
2021A00051103005,995
2021A00051103007,407
2021A00051103008,148
2021A00051103014,1345
2021A00051103015,188
2021A00051103018,41
2021A00051103020,228
2021A00051103021,195
2021A00051103022,20
2021A00051103023,98
2021A00051103024,134
2021A00051103025,9404
2021A00051103027,1027
2021A00051103029,341
2021A00051103033,289
2021A00051103035,403
2021A00051103039,345
2021A00051103040,793
2021A00051103042,1124
2021A00051103043,93
2021A00051103050,427
2021A00051103052,1379
2021A00051103053,65
2021A00051103055,43
2021A00051103057,34
2021A00051103059,1242
2021A00051103060,0
2021A00051103061,881
2021A00051103062,19
2021A00051103064,586
2021A00051103065,1399
2021A00051103066,48
2021A00051103067,1167
2021A00051103068,137
2021A00051201001,3952
2021A00051201004,767
2021A00051201006,1973
2021A00051201008,1141
2021A00051201009,531
2021A00051202001,3210
2021A00051202004,3263
2021A00051202006,7868
2021A00051202040,198
2021A00051203001,4743
2021A00051203004,2034
2021A00051203006,2333
2021A00051203009,307
2021A00051204010,3798
2021A00051205001,204
2021A00051205004,1312
2021A00051205008,920
2021A00051205009,1897
2021A00051205014,476
2021A00051205016,2013
2021A00051206001,5242
2021A00051206004,8110
2021A00051206006,3179
2021A00051206008,872
2021A00051206009,3363
2021A00051206011,35
2021A00051207001,6796
2021A00051207002,448
2021A00051207004,2346
2021A00051207011,5879
2021A00051207012,4371
2021A00051207016,4039
2021A00051207021,1796
2021A00051207024,2518
2021A00051207027,82
2021A00051208003,6774
2021A00051208008,6496
2021A00051208014,428
2021A00051209019,96
2021A00051209034,233961
2021A00051209800,3
2021A00051210001,3302
2021A00051210002,597
2021A00051210003,860
2021A00051210006,12565
2021A00051210008,5935
2021A00051210012,1250
2021A00051211001,1073
2021A00051211006,2128
2021A00051211009,841
2021A00051211011,5742
2021A00051211012,954
2021A00051211014,2192
2021A00051212001,1761
2021A00051212004,1844
2021A00051212006,671
2021A00051212008,1250
2021A00051212009,3561
2021A00051212011,1344
2021A00051212014,8175
2021A00051212016,486
2021A00051212019,211
2021A00051213001,750
2021A00051213004,1306
2021A00051213008,463
2021A00051214001,2683
2021A00051214002,5307
2021A00051214006,1453
2021A00051215001,480
2021A00051215002,3283
2021A00051215006,3631
2021A00051215011,2777
2021A00051216001,1031
2021A00051216006,2003
2021A00051216011,388
2021A00051216014,119
2021A00051217008,1244
2021A00051217020,1164
2021A00051217030,38684
2021A00051218001,2737
2021A00051218006,1640
2021A00051301001,102
2021A00051301002,211
2021A00051301004,179
2021A00051301006,52156
2021A00051301016,202
2021A00051302001,103
2021A00051302004,366
2021A00051302006,340
2021A00051302008,710
2021A00051302011,293
2021A00051302012,1448
2021A00051302014,3
2021A00051302016,727
2021A00051302018,1205
2021A00051302021,73
2021A00051302024,187
2021A00051302026,1273
2021A00051302028,152
2021A00051302031,121
2021A00051302034,388
2021A00051302037,3379
2021A00051302039,83
2021A00051302042,285
2021A00051302044,12
2021A00051302052,1643
2021A00051303001,51
2021A00051303004,443
2021A00051303005,88
2021A00051303006,233
2021A00051303008,848
2021A00051303011,250
2021A00051303012,3715
2021A00051303013,3
2021A00051303014,103
2021A00051303016,1013
2021A00051303018,65
2021A00051304001,63
2021A00051304004,68
2021A00051304005,245
2021A00051304006,29
2021A00051304008,41
2021A00051304011,259
2021A00051304013,130
2021A00051304014,83
2021A00051304016,31
2021A00051304018,75
2021A00051304021,163
2021A00051304022,1581
2021A00051304024,214
2021A00051304025,792
2021A00051305001,62
2021A00051305004,304
2021A00051305006,256
2021A00051305007,1301
2021A00051305008,58
2021A00051305011,215
2021A00051305014,516
2021A00051305015,736
2021A00051305016,157
2021A00051305018,358
2021A00051305021,755
2021A00051305022,4281
2021A00051305023,378
2021A00051305024,259
2021A00051305026,384
2021A00051305028,203
2021A00051305031,882
2021A00051305034,292
2021A00051305036,46
2021A00051305038,46
2021A00051305045,3696
2021A00051305057,4214
2021A00051306001,158
2021A00051306003,259
2021A00051306004,77
2021A00051306006,340
2021A00051306007,30
2021A00051306008,95
2021A00051306011,157
2021A00051306014,452
2021A00051306020,5172
2021A00051306025,211
2021A00051307001,280
2021A00051307002,518
2021A00051307004,428
2021A00051307005,1957
2021A00051307007,1920
2021A00051307008,99
2021A00051307009,2827
2021A00051307011,49
2021A00051307012,66
2021A00051307013,1255
2021A00051307014,42
2021A00051307016,2034
2021A00051307019,2468
2021A00051307022,58434
2021A00051307024,590
2021A00051307028,778
2021A00051307029,529
2021A00051307045,18161
2021A00051307052,3737
2021A00051308001,1037
2021A00051308002,713
2021A00051308003,50
2021A00051308004,1046
2021A00051308005,2723
2021A00051308006,263
2021A00051308007,666
2021A00051308008,150
2021A00051308010,23
2021A00051308014,328
2021A00051308015,523
2021A00051308016,1121
2021A00051308017,517
2021A00051308018,1512
2021A00051308019,470
2021A00051308021,335
2021A00051308022,448
2021A00051308024,76
2021A00051308026,1064
2021A00051309001,1136
2021A00051309004,87
2021A00051309006,417
2021A00051309010,3
2021A00051309011,161
2021A00051309014,69
2021A00051309016,78
2021A00051309017,463
2021A00051309018,216
2021A00051309019,294
2021A00051309021,15
2021A00051309022,688
2021A00051309023,407
2021A00051309026,276
2021A00051309027,517
2021A00051309028,247
2021A00051309031,132
2021A00051309033,0
2021A00051309035,210
2021A00051309036,708
2021A00051309038,1487
2021A00051309044,526
2021A00051309047,6
2021A00051309050,10976
2021A00051310001,224
2021A00051310002,378
2021A00051310004,246
2021A00051310005,286
2021A00051310006,476
2021A00051310007,35
2021A00051310008,20
2021A00051310011,52
2021A00051310012,16
2021A00051310013,147
2021A00051310014,26
2021A00051310016,339
2021A00051310017,2362
2021A00051310018,492
2021A00051310019,353
2021A00051310021,166
2021A00051310024,143
2021A00051310025,34
2021A00051310026,716
2021A00051310028,858
2021A00051310031,926
2021A00051310032,45609
2021A00051310034,319
2021A00051310036,72
2021A00051310037,212
2021A00051310054,836
2021A00051311001,165
2021A00051311004,856
2021A00051311005,411
2021A00051311006,4621
2021A00051311008,653
2021A00051311011,223
2021A00051311012,2255
2021A00051311014,2318
2021A00051311018,209
2021A00051311019,466
2021A00051311021,119
2021A00051311024,207
2021A00051311026,224
2021A00051311027,1734
2021A00051311028,492
2021A00051311030,242
2021A00051311031,408
2021A00051312001,107
2021A00051312002,24
2021A00051312004,91
2021A00051312006,1164
2021A00051312007,575
2021A00051312008,331
2021A00051312009,950
2021A00051312011,46
2021A00051312014,195
2021A00051312016,760
2021A00051312019,4181
2021A00051312021,484
2021A00051312023,192
2021A00051313002,1196
2021A00051313004,211
2021A00051313006,277
2021A00051313008,410
2021A00051313011,79
2021A00051313012,145
2021A00051313014,96
2021A00051313015,163
2021A00051313018,62
2021A00051313020,464
2021A00051313022,305
2021A00051313024,170
2021A00051313027,9968
2021A00051313028,3
2021A00051313031,1867
2021A00051313037,68
2021A00051314001,142
2021A00051314003,18
2021A00051314004,461
2021A00051314005,120
2021A00051314006,958
2021A00051314008,112
2021A00051314010,388
2021A00051314011,403
2021A00051314012,34
2021A00051314013,1833
2021A00051314014,4026
2021A00051314015,84
2021A00051314016,54
2021A00051314017,1179
2021A00051314020,865
2021A00051314021,824
2021A00051314022,1057
2021A00051314025,792
2021A00051314026,44
2021A00051315002,6231
2021A00051315006,304
2021A00051315008,600
2021A00051315010,81
2021A00051315011,8518
2021A00051315012,784
2021A00051315013,140
2021A00051315014,764
2021A00051315015,1395
2021A00051315016,176
2021A00051315017,28
2021A00051315019,220
2021A00051315020,430
2021A00051315021,188
2021A00051315022,496
2021A00051315024,1127
2021A00051315026,255
2021A00051315027,946
2021A00051315028,4136
2021A00051315029,1532
2021A00051315030,204
2021A00051315031,2121
2021A00051315032,1193
2021A00051315033,503
2021A00051315036,250
2021A00051315037,447
2021A00051315038,479
2021A00051315040,47
2021A00052401023,8127
2021A00052401042,899
2021A00052402005,1935
2021A00052402010,1250
2021A00052402015,1476
2021A00052402028,3398
2021A00052402047,661
2021A00052403005,8817
2021A00052403010,122
2021A00052403015,111
2021A00052403020,706
2021A00052403025,216
2021A00052404005,67
2021A00052404010,302
2021A00052404015,88
2021A00052404020,12
2021A00052404025,117
2021A00052404030,23
2021A00052404037,3441
2021A00052404047,671
2021A00052405010,62
2021A00052405015,81
2021A00052405020,87
2021A00052405025,57
2021A00052405032,1526
2021A00052405040,1029
2021A00052405045,2926
2021A00052405050,277
2021A00052405055,185
2021A00052405060,489
2021A00052405065,267
2021A00052405070,2418
2021A00052405077,124
2021A00052405902,38
2021A00052406005,2127
2021A00052406013,2031
2021A00052406020,619
2021A00052406025,88
2021A00052406030,513
2021A00052406035,24
2021A00052406040,28
2021A00052406045,503
2021A00052406050,130
2021A00052406055,93
2021A00052406060,77
2021A00052406802,521
2021A00052406804,771
2021A00052407005,22
2021A00052407010,206
2021A00052407018,795
2021A00052407025,58
2021A00052407030,137
2021A00052407035,56
2021A00052407040,112
2021A00052407047,4731
2021A00052407057,612
2021A00052407065,30
2021A00052407070,64
2021A00052407075,91
2021A00052407080,232
2021A00052407085,1142
2021A00052407090,36
2021A00052407095,158
2021A00052407100,52
2021A00052407105,215
2021A00052407902,3
2021A00052408005,297
2021A00052408010,29
2021A00052408015,34
2021A00052408023,167
2021A00052408030,59
2021A00052408035,74
2021A00052408040,21
2021A00052408053,8885
2021A00052408065,66
2021A00052408073,350
2021A00052408080,273
2021A00052409005,82
2021A00052409010,31
2021A00052409015,152
2021A00052409020,18
2021A00052409025,414
2021A00052409030,224
2021A00052409035,197
2021A00052409040,47
2021A00052409048,230
2021A00052409055,132
2021A00052409060,170
2021A00052409065,311
2021A00052409070,71
2021A00052409077,5092
2021A00052409085,550
2021A00052409092,943
2021A00052409904,0
2021A00052410005,119
2021A00052410010,37
2021A00052410015,378
2021A00052410025,71
2021A00052410030,961
2021A00052410043,25421
2021A00052410060,142
2021A00052410070,583
2021A00052410075,68
2021A00052411005,286
2021A00052411010,635
2021A00052411015,60
2021A00052411020,10
2021A00052411025,49
2021A00052411030,94
2021A00052411035,137
2021A00052411040,2711
2021A00052411045,325
2021A00052411050,238
2021A00052411055,151
2021A00052412005,943
2021A00052412010,373
2021A00052412015,1598
2021A00052412020,524
2021A00052412025,52
2021A00052412030,204
2021A00052412035,63
2021A00052412043,807
2021A00052412045,56
2021A00052412057,427
2021A00052412065,673
2021A00052412072,15934
2021A00052412080,489
2021A00052413005,1900
2021A00052413010,54
2021A00052413015,161
2021A00052413020,216
2021A00052413025,449
2021A00052413030,191
2021A00052413040,201
2021A00052413045,252
2021A00052413050,99
2021A00052413055,229
2021A00052413060,214
2021A00052413065,332
2021A00052413073,3534
2021A00052413075,122
2021A00052413080,349
2021A00052413085,25
2021A00052413090,160
2021A00052413095,1500
2021A00052413100,96
2021A00052414005,292
2021A00052414010,65
2021A00052414018,2765
2021A00052414025,186
2021A00052414030,121
2021A00052414035,1155
2021A00052414040,318
2021A00052414045,140
2021A00052414050,504
2021A00052414055,179
2021A00052414060,295
2021A00052414065,477
2021A00052414070,404
2021A00052414075,46
2021A00052414080,87
2021A00052414085,4572
2021A00052414090,582
2021A00052415005,242
2021A00052415013,4959
2021A00052415025,156
2021A00052415030,232
2021A00052415035,1836
2021A00052415058,513
2021A00052415065,113
2021A00052415904,0
2021A00052416005,914
2021A00052416013,5502
2021A00052416023,841
2021A00052416048,416
2021A00052416050,268
2021A00052416055,541
2021A00052416902,7
2021A00052417005,61
2021A00052417010,2181
2021A00052417015,109
2021A00052417020,115
2021A00052417025,93
2021A00052417030,516
2021A00052417035,153
2021A00052417040,87
2021A00052417045,152
2021A00052417055,392
2021A00052417060,115
2021A00052417065,222
2021A00052417070,2997
2021A00052417078,2536
2021A00052418005,356
2021A00052418010,18
2021A00052418015,651
2021A00052418020,88
2021A00052418025,105
2021A00052418030,181
2021A00052418035,24
2021A00052418040,115
2021A00052418045,1095
2021A00052418050,10132
2021A00052418055,278
2021A00052418060,1347
2021A00052418065,242
2021A00052418070,200
2021A00052419005,181
2021A00052419010,205
2021A00052419015,80
2021A00052419020,319
2021A00052419025,351
2021A00052419030,1202
2021A00052419037,490
2021A00052419045,148
2021A00052419050,1184
2021A00052419055,2452
2021A00052419062,2910
2021A00052419068,2876
2021A00052419070,507
2021A00052419075,907
2021A00052419082,624
2021A00052419090,435
2021A00052419097,1041
2021A00052419105,656
2021A00052419110,516
2021A00052419117,448
2021A00052420005,280
2021A00052420010,458
2021A00052420015,706
2021A00052420020,1048
2021A00052420025,1159
2021A00052420030,420
2021A00052421005,443
2021A00052421010,835
2021A00052421020,187
2021A00052421025,2302
2021A00052421030,1550
2021A00052421035,1348
2021A00052421040,1687
2021A00052421045,2213
2021A00052422005,2817
2021A00052422010,221
2021A00052422015,53
2021A00052422020,1053
2021A00052422025,1336
2021A00052422030,304
2021A00052422035,2304
2021A00052422040,2529
2021A00052422045,1348
2021A00052423015,388
2021A00052423027,327210
2021A00052423057,7613
2021A00052423072,13328
2021A00052423802,1909
2021A00052425213,74410
2021A00052426005,430
2021A00052426010,421
2021A00052426015,1850
2021A00052426022,1120
2021A00052426030,10045
2021A00052426035,538
2021A00052426040,546
2021A00052426048,1597
2021A00052426055,1470
2021A00052426063,1843
2021A00052426070,3000
2021A00052427008,984
2021A00052427015,131
2021A00052427028,4742
2021A00052427035,634
2021A00052427043,3181
2021A00052427050,91
2021A00052427055,200
2021A00052427060,805
2021A00052427065,643
2021A00052427070,84
2021A00052428005,345
2021A00052428015,354
2021A00052428020,1537
2021A00052428025,134
2021A00052428030,185
2021A00052428035,50
2021A00052428040,27
2021A00052428045,1292
2021A00052428053,2230
2021A00052428060,63
2021A00052428065,131
2021A00052428070,226
2021A00052428075,167
2021A00052429005,406
2021A00052429013,1159
2021A00052429020,15
2021A00052429025,318
2021A00052429030,1494
2021A00052429038,961
2021A00052429045,1327
2021A00052429050,146
2021A00052429057,1238
2021A00052429065,144
2021A00052429073,22489
2021A00052429095,68
2021A00052429100,1128
2021A00052429112,1769
2021A00052429120,531
2021A00052429125,115
2021A00052430005,277
2021A00052430010,126
2021A00052430015,33
2021A00052430020,77
2021A00052430025,336
2021A00052430030,5496
2021A00052430035,119
2021A00052430040,177
2021A00052430045,395
2021A00052430050,143
2021A00052430055,110
2021A00052430070,94
2021A00052430072,655
2021A00052430080,626
2021A00052430085,514
2021A00052430090,458
2021A00052430095,909
2021A00052430100,367
2021A00052430105,167
2021A00052430110,240
2021A00052431008,65
2021A00052431015,1406
2021A00052431020,125
2021A00052431025,10
2021A00052431030,102
2021A00052431035,107
2021A00052431040,160
2021A00052431045,293
2021A00052431050,76
2021A00052431056,1432
2021A00052431060,675
2021A00052431084,15539
2021A00052431095,56
2021A00052431100,61
2021A00052431105,77
2021A00052431122,790
2021A00052431130,116
2021A00052431135,183
2021A00052431140,335
2021A00052432013,807
2021A00052432023,141
2021A00052432033,2940
2021A00052432040,6734
2021A00052432045,1531
2021A00052432050,252
2021A00052432058,231
2021A00052432065,556
2021A00052432072,429
2021A00052432080,454
2021A00052432085,139
2021A00052433007,319
2021A00052433017,382
2021A00052433025,552
2021A00052433030,468
2021A00052433035,766
2021A00052433040,157
2021A00052433045,1302
2021A00052433052,573
2021A00052433060,2336
2021A00052433065,277
2021A00052433070,337
2021A00052433080,1059
2021A00052433085,283
2021A00052433090,2566
2021A00052433095,804
2021A00052433102,1917
2021A00052433115,222
2021A00052433123,114
2021A00052434007,1047
2021A00052434017,2673
2021A00052434025,3957
2021A00052434030,946
2021A00052434038,1179
2021A00052434048,1582
2021A00052434058,996
2021A00052434060,114
2021A00052434065,1909
2021A00052434078,582
2021A00052434085,56
2021A00052434090,820
2021A00052434097,256
2021A00052434105,139
2021A00052434115,189
2021A00052434120,103
2021A00052434128,4372
2021A00052434135,560
2021A00052435005,124
2021A00052435010,377
2021A00052435015,227
2021A00052435020,296
2021A00052435027,2468
2021A00052435035,212
2021A00052435040,91
2021A00052435045,278
2021A00052435050,1115
2021A00052435055,289
2021A00052435904,0
2021A00052436033,21617
2021A00052437067,69958
2021A00052437205,1166
2021A00052437210,236
2021A00052437215,904
2021A00052437220,410
2021A00052437225,136
2021A00052437230,918
2021A00052437235,731
2021A00052437240,1106
2021A00052437245,440
2021A00052437250,164
2021A00052438005,151
2021A00052438010,7609
2021A00052438015,102
2021A00052438020,54
2021A00052438028,314
2021A00052438035,134
2021A00052438040,178
2021A00052438047,581
2021A00052438055,189
2021A00052438060,74
2021A00052438065,323
2021A00052438070,457
2021A00052438802,358
2021A00052439005,64
2021A00052439010,947
2021A00052439015,49
2021A00052439020,98
2021A00052439025,484
2021A00052439030,401
2021A00052439035,115
2021A00052439043,335
2021A00052439060,1182
2021A00052439062,29862
2021A00052439077,3301
2021A00052439085,583
2021A00052439090,174
2021A00052439097,2567
2021A00052439105,155
2021A00052439117,269
2021A00052439130,220
2021A00052439135,272
2021A00052439145,412
2021A00052439152,1402
2021A00052439165,39
2021A00052439170,748
2021A00052440005,73
2021A00052440010,166
2021A00052440017,345
2021A00052440025,203
2021A00052440032,191
2021A00052440043,3035
2021A00052440047,1485
2021A00052441012,210
2021A00052441020,117
2021A00052441027,437
2021A00052441038,2341
2021A00052441055,1008
2021A00052441060,2430
2021A00052441065,304
2021A00052441070,251
2021A00052441075,19
2021A00052441080,173
2021A00052441085,118
2021A00052441098,1051
2021A00052441117,269
2021A00052442005,932
2021A00052442020,527
2021A00052442025,1414
2021A00052442032,315
2021A00052442040,113
2021A00052442045,162
2021A00052442050,202
2021A00052442055,2206
2021A00052442060,848
2021A00052442065,250
2021A00052442070,21
2021A00052442075,598
2021A00052442078,62
2021A00052442088,3304
2021A00052442095,552
2021A00052442098,1946
2021A00052442100,111
2021A00052442110,352
2021A00052443027,84994
2021A00052444003,285
2021A00052444005,35
2021A00052444010,234
2021A00052444015,108
2021A00052444023,141
2021A00052444037,7590
2021A00052444045,222
2021A00052444050,54
2021A00052444055,160
2021A00052444060,97
2021A00052444071,980
2021A00052444080,1888
2021A00052445008,1660
2021A00052445020,169
2021A00052445025,241
2021A00052445030,980
2021A00052445035,1243
2021A00052445043,115
2021A00052445050,554
2021A00052445055,730
2021A00052445060,439
2021A00052445072,14605
2021A00052445080,50
2021A00052445085,184
2021A00052445093,921
2021A00052445095,254
2021A00052445100,81
2021A00052445105,189
2021A00052445115,1484
2021A00052446005,90
2021A00052446010,625
2021A00052446017,455
2021A00052446025,176
2021A00052446030,153
2021A00052446035,1766
2021A00052446040,515
2021A00052446045,132
2021A00052446050,1426
2021A00052446058,1867
2021A00052446065,132
2021A00052446070,115
2021A00052446075,3195
2021A00052446078,8291
2021A00052446080,7835
2021A00052446085,222
2021A00052446090,258
2021A00052446095,169
2021A00052446100,171
2021A00052446105,440
2021A00052446112,3787
2021A00052447010,2095
2021A00052447017,35974
2021A00052447025,2196
2021A00052447030,39
2021A00052447035,1576
2021A00052447040,211
2021A00052447047,1151
2021A00052447055,720
2021A00052448005,122
2021A00052448010,892
2021A00052448020,171
2021A00052448028,3808
2021A00052448038,862
2021A00052448045,306
2021A00052448050,265
2021A00052449005,596
2021A00052449015,208
2021A00052449020,184
2021A00052449025,290
2021A00052449030,260
2021A00052449040,1884
2021A00052449048,3815
2021A00052449058,44320
2021A00052449070,1476
2021A00052449075,1196
2021A00052449080,477
2021A00052449085,344
2021A00052449095,422
2021A00052449100,283
2021A00052449105,702
2021A00052449113,759
2021A00052449125,439
2021A00052449130,162
2021A00052450005,514
2021A00052450013,55
2021A00052450023,411
2021A00052450030,388
2021A00052450035,151
2021A00052450042,1967
2021A00052450050,483
2021A00052450057,181
2021A00052450065,121
2021A00052450072,5642
2021A00052450085,90
2021A00052450090,338
2021A00052450095,90
2021A00052450100,428
2021A00052450113,1154
2021A00052450128,612
2021A00052450802,207
2021A00052451008,495
2021A00052451015,6213
2021A00052451020,1477
2021A00052451025,319
2021A00052451030,106
2021A00052451035,252
2021A00052451040,260
2021A00052451045,145
2021A00052451050,210
2021A00052451055,313
2021A00052451060,979
2021A00052451065,1218
2021A00052451070,307
2021A00052451075,705
2021A00052451080,326
2021A00052451085,1221
2021A00052451090,1455
2021A00052452007,5236
2021A00052452017,2007
2021A00052452030,288
2021A00052452035,5363
2021A00052452045,242
2021A00052452050,49
2021A00052452055,617
2021A00052452062,890
2021A00052452070,286
2021A00052452075,75
2021A00052452085,2135
2021A00052452090,100
2021A00052452095,439
2021A00052453005,172
2021A00052453010,203
2021A00052453015,129
2021A00052453020,500
2021A00052453025,579
2021A00052453032,662
2021A00052453040,364
2021A00052453050,552
2021A00052453052,17025
2021A00052453065,327
2021A00052453072,286
2021A00052453085,108
2021A00052454008,2038
2021A00052454017,2229
2021A00052454025,1683
2021A00052454035,1349
2021A00052454048,39835
2021A00052454060,1005
2021A00052454065,914
2021A00052454072,876
2021A00052454090,550
2021A00052454095,1211
2021A00052454100,401
2021A00052454105,384
2021A00052454110,626
2021A00052454115,181
2021A00052454120,259
2021A00052454125,221
2021A00052455008,1934
2021A00052455015,1836
2021A00052455023,3408
2021A00052455030,425
2021A00052455037,2628
2021A00052455048,4491
2021A00052455057,2889
2021A00052455065,1023
2021A00052456005,492
2021A00052456010,109
2021A00052456015,321
2021A00052456023,1305
2021A00052456030,97
2021A00052456035,690
2021A00052456042,780
2021A00052456050,190
2021A00052456055,706
2021A00052456060,378
2021A00052456065,477
2021A00052456083,45887
2021A00052456097,1468
2021A00052456105,522
2021A00052457005,12212
2021A00052457010,3400
2021A00052457020,4036
2021A00052457025,1203
2021A00052457030,1028
2021A00052457033,1616
2021A00052457035,7651
2021A00052457040,12389
2021A00052457045,3201
2021A00052457050,517
2021A00052457057,594
2021A00052457068,967
2021A00052457075,420
2021A00052458007,46539
2021A00052458012,9134
2021A00052458033,42412
2021A00052458037,22091
2021A00052458227,95931
2021A00052459010,13355
2021A00052459015,2305
2021A00052459020,13481
2021A00052459025,1883
2021A00052459030,185
2021A00052459035,4254
2021A00052460005,1652
2021A00052460013,28242
2021A00052460020,836
2021A00052460028,9175
2021A00052460037,1986
2021A00052461005,1631
2021A00052461013,1316
2021A00052461020,169
2021A00052461025,20908
2021A00052461027,2312
2021A00052461030,2957
2021A00052461035,5502
2021A00052461040,1260
2021A00052461045,466
2021A00052461050,994
2021A00052462007,3290
2021A00052462015,1897
2021A00052462020,307
2021A00052462025,639
2021A00052462030,292
2021A00052462037,4388
2021A00052462047,823
2021A00052462053,208
2021A00052462055,255
2021A00052462060,1967
2021A00052462065,1132
2021A00052462070,462
2021A00052462075,524
2021A00052462080,429
2021A00052462085,1766
2021A00052462802,588
2021A00052462908,3
2021A00052462912,0
2021A00052463005,256
2021A00052463013,1942
2021A00052463023,939
2021A00052463030,2026
2021A00052463035,3602
2021A00052463040,124
2021A00052463048,6096
2021A00052463055,1105
2021A00052463060,2660
2021A00052463065,741
2021A00052464008,48010
2021A00052464015,16407
2021A00052465005,198284
2021A00052466007,9084
2021A00052466023,1071934
2021A00052466032,20525
2021A00052466047,1573
2021A00052466058,8756
2021A00052466062,2116
2021A00052466072,23284
2021A00052466087,34654
2021A00052466097,33761
2021A00052466102,14154
2021A00052466107,3823
2021A00052466112,7003
2021A00052466117,3894
2021A00052466127,678
2021A00052466142,14547
2021A00052467005,592
2021A00052467010,1755
2021A00052467015,8927
2021A00052467020,11894
2021A00052467025,5519
2021A00052467030,5554
2021A00052467035,7458
2021A00052467040,1581
2021A00052467045,4158
2021A00052467050,16088
2021A00052467055,746
2021A00052467802,2559
2021A00052468005,810
2021A00052468010,447
2021A00052468015,1023
2021A00052468020,2278
2021A00052468025,2338
2021A00052468030,2533
2021A00052468035,1188
2021A00052468040,553
2021A00052468045,562
2021A00052468050,2127
2021A00052468055,5861
2021A00052469005,285
2021A00052469010,944
2021A00052469017,1507
2021A00052469025,295
2021A00052469037,1524
2021A00052469045,440
2021A00052469050,75
2021A00052469055,1336
2021A00052469060,265
2021A00052469065,319
2021A00052469070,763
2021A00052469075,56
2021A00052469802,767
2021A00052470005,517
2021A00052470012,2383
2021A00052470022,4959
2021A00052470030,233
2021A00052470035,1066
2021A00052470040,489
2021A00052470052,20397
2021A00052471005,678
2021A00052471015,160
2021A00052471020,1171
2021A00052471025,1851
2021A00052471033,1179
2021A00052471040,3513
2021A00052471045,540
2021A00052471050,2140
2021A00052471055,122
2021A00052471060,2939
2021A00052471065,3268
2021A00052471070,2572
2021A00052471075,329
2021A00052471083,22113
2021A00052471090,205
2021A00052471095,16
2021A00052471100,1609
2021A00052471105,4559
2021A00052471110,513
2021A00052471115,204
2021A00052471125,127
2021A00052471133,3938
2021A00052471140,165
2021A00052472005,27294
2021A00052472010,2457
2021A00052472015,2864
2021A00052472020,1206
2021A00052472025,2606
2021A00052472032,2280
2021A00052472043,523
2021A00052473005,22132
2021A00052473010,13276
2021A00052473015,25961
2021A00052473020,8799
2021A00052473025,1890
2021A00052473030,3716
2021A00052473035,4513
2021A00052474005,33447
2021A00052475005,3098
2021A00052475017,38087
2021A00052475028,3809
2021A00052475040,3631
2021A00052475045,2143
2021A00052476008,560
2021A00052476020,7477
2021A00052476025,184
2021A00052476030,319
2021A00052476035,115
2021A00052476043,1722
2021A00052476052,727
2021A00052476055,690
2021A00052476065,182
2021A00052477011,260
2021A00052477012,838
2021A00052477022,4573
2021A00052477030,1906
2021A00052477035,969
2021A00052477043,8155
2021A00052477050,1657
2021A00052477055,52
2021A00052477060,216
2021A00052477065,803
2021A00052478005,928
2021A00052478010,2046
2021A00052478015,189
2021A00052478020,244
2021A00052478032,8224
2021A00052478042,120
2021A00052478047,1656
2021A00052478050,18
2021A00052478055,67
2021A00052478060,205
2021A00052478065,306
2021A00052478070,286
2021A00052478075,281
2021A00052478095,356
2021A00052478100,126
2021A00052478102,9875
2021A00052478115,374
2021A00052478120,784
2021A00052478127,19
2021A00052478130,287
2021A00052479005,524
2021A00052479010,182
2021A00052479015,120
2021A00052479022,149
2021A00052479025,174
2021A00052479030,604
2021A00052479037,2751
2021A00052479047,198
2021A00052479050,314
2021A00052479060,101
2021A00052479065,134
2021A00052479078,751
2021A00052479088,9639
2021A00052479097,1193
2021A00052479105,46
2021A00052479110,96
2021A00052479115,146
2021A00052479910,15
2021A00052480005,104
2021A00052480010,642
2021A00052480015,49
2021A00052480020,168
2021A00052480027,1717
2021A00052480037,1026
2021A00052480045,265
2021A00052480050,777
2021A00052480055,28
2021A00052480060,150
2021A00052480065,81
2021A00052480070,65
2021A00052480078,260
2021A00052480085,15
2021A00052480090,110
2021A00052480095,128
2021A00052480103,694
2021A00052480110,191
2021A00052480115,18
2021A00052480125,121
2021A00052480130,98
2021A00052480135,178
2021A00052480140,246
2021A00052480145,154
2021A00052481017,89839
2021A00052482005,1549
2021A00052482010,158
2021A00052482015,2543
2021A00052482020,2520
2021A00052482025,2907
2021A00052482030,683
2021A00052482035,2654
2021A00052483005,53
2021A00052483010,178
2021A00052483015,176
2021A00052483020,187
2021A00052483032,764
2021A00052483040,257
2021A00052483045,98
2021A00052483050,113
2021A00052483055,103
2021A00052483060,359
2021A00052483065,4685
2021A00052483070,297
2021A00052483075,443
2021A00052483085,92
2021A00052483088,253
2021A00052483090,154
2021A00052483095,356
2021A00052483802,162
2021A00052483902,225
2021A00052484005,154
2021A00052484010,1528
2021A00052484020,33
2021A00052484025,88
2021A00052484030,424
2021A00052484035,47
2021A00052484045,57
2021A00052484050,30
2021A00052484055,112
2021A00052484060,290
2021A00052484065,929
2021A00052484070,25
2021A00052484082,161
2021A00052484090,10
2021A00052484095,22
2021A00052484100,61
2021A00052485005,2055
2021A00052485010,127
2021A00052485015,146
2021A00052485020,138
2021A00052485025,3196
2021A00052485030,357
2021A00052485037,444
2021A00052485045,332
2021A00052485052,258
2021A00052485055,36
2021A00052485060,45
2021A00052485065,31
2021A00052485070,46
2021A00052485075,26
2021A00052485085,131
2021A00052485090,839
2021A00052485095,48
2021A00052485100,79
2021A00052485105,48
2021A00052485802,59
2021A00052485804,211
2021A00052485905,10
2021A00052486042,26772
2021A00052487005,167
2021A00052487010,30
2021A00052487015,54
2021A00052487020,69
2021A00052487025,410
2021A00052487030,361
2021A00052487035,118
2021A00052487042,113
2021A00052487050,76
2021A00052487058,1045
2021A00052487070,60
2021A00052487075,52
2021A00052487080,111
2021A00052487085,181
2021A00052487090,6233
2021A00052487095,33
2021A00052487100,45
2021A00052487105,18
2021A00052487110,38
2021A00052487115,94
2021A00052487120,0
2021A00052488005,22
2021A00052488010,37
2021A00052488015,18
2021A00052488022,596
2021A00052488030,182
2021A00052488035,534
2021A00052488040,169
2021A00052488045,95
2021A00052488050,320
2021A00052488055,11437
2021A00052488060,251
2021A00052488065,101
2021A00052488070,139
2021A00052488075,119
2021A00052488080,77
2021A00052488085,42
2021A00052488090,494
2021A00052488802,260
2021A00052488904,103
2021A00052489008,23210
2021A00052489010,226
2021A00052489015,2701
2021A00052489040,1627
2021A00052489045,157
2021A00052489050,33
2021A00052489804,401
2021A00052490012,6798
2021A00052490017,83
2021A00052490027,103
2021A00052490802,655
2021A00052490804,748
2021A00052491005,305
2021A00052491010,85
2021A00052491015,81
2021A00052491020,1001
2021A00052491025,5962
2021A00052491030,53
2021A00052491035,1086
2021A00052491042,7059
2021A00052491050,1206
2021A00052491802,1209
2021A00052492005,167
2021A00052492010,197
2021A00052492015,207
2021A00052492022,8397
2021A00052492030,691
2021A00052492040,2082
2021A00052492045,323
2021A00052492050,131
2021A00052492055,1039
2021A00052492060,17
2021A00052492065,204
2021A00052492070,90
2021A00052492902,6
2021A00052492904,9
2021A00052493005,274
2021A00052493012,2192
2021A00052493020,722
2021A00052493025,294
2021A00052493030,1642
2021A00052493035,604
2021A00052493042,19430
2021A00052493045,829
2021A00052493055,204
2021A00052493060,64
2021A00052493065,817
2021A00052493070,183
2021A00052493075,305
2021A00052493080,772
2021A00052494068,77712
2021A00052494205,313
2021A00052494210,816
2021A00052494215,94
2021A00052494220,203
2021A00052494225,265
2021A00052494230,177
2021A00052494235,442
2021A00052494240,1955
2021A00052494245,485
2021A00052494250,136
2021A00052494255,1327
2021A00052494260,74
2021A00052494265,398
2021A00052494928,15
2021A00052495005,1310
2021A00052495010,1067
2021A00052495018,477
2021A00052495025,923
2021A00052495032,164
2021A00052495040,203
2021A00052495045,1510
2021A00052495050,44
2021A00052495802,487
2021A00052496005,253
2021A00052496010,98
2021A00052496015,69
2021A00052496020,12046
2021A00052496025,191
2021A00052496030,291
2021A00052496035,287
2021A00052496040,230
2021A00052496802,734
2021A00052496902,3
2021A00052497007,14557
2021A00052497022,3016
2021A00052497035,2099
2021A00052497040,620
2021A00052497802,1215
2021A00052497804,466
2021A00052497806,293
2021A00052497808,65
2021A00052498005,729
2021A00052498010,309
2021A00052498014,196
2021A00052498015,1031
2021A00052498020,260
2021A00052498025,503
2021A00052498030,112
2021A00052498035,65
2021A00052498040,2175
2021A00052498045,1088
2021A00052498050,88
2021A00052498055,106
2021A00052498802,265
2021A00052498806,41
2021A00052498912,0
2021A00052499005,1435
2021A00052499015,1129
2021A00052499020,976
2021A00052499025,5071
2021A00052499060,238
2021A00052499075,813
2021A00052499080,204
2021A00052499085,720
2021A00052499090,302
2021A00052499095,3162
2021A00052499100,207
2021A00052499105,120
2021A00052499110,261
2021A00052499115,178
2021A00052499120,952
2021A00052499125,211
2021A00052499130,412
2021A00052499135,528
2021A00052499140,359
2021A00052499802,596
2021A00052499804,1756
2021A00052499806,829
2021A00052499808,637
2021A00052499810,389
2021A00052499812,802
2021A00052499814,1448
2021A00052499816,0
2021A00052499818,374
2021A00053501005,3259
2021A00053501007,494
2021A00053501011,3426
2021A00053501012,25209
2021A00053501020,3803
2021A00053501030,4267
2021A00053501042,2063
2021A00053501050,5157
2021A00053502001,846
2021A00053502008,7978
2021A00053502010,3809
2021A00053502023,2732
2021A00053502025,2871
2021A00053502036,7537
2021A00053502044,2413
2021A00053502048,4923
2021A00053506008,506550
2021A00053507004,1377
2021A00053507006,773
2021A00053507008,3141
2021A00053507014,2332
2021A00053507015,14967
2021A00053507017,1135
2021A00053507021,2243
2021A00053507024,2965
2021A00053507033,637
2021A00053507040,1554
2021A00053507042,747
2021A00053507052,1129
2021A00053507065,7009
2021A00053509001,544
2021A00053509004,6916
2021A00053509010,1243
2021A00053509015,304
2021A00053509021,7480
2021A00053509024,298
2021A00053509028,7213
2021A00053509030,4173
2021A00053509039,767
2021A00053510005,313
2021A00053510010,70565
2021A00053510020,2717
2021A00053510035,1121
2021A00053510045,297
2021A00053511005,3674
2021A00053511015,9027
2021A00053511030,933
2021A00053511035,970
2021A00053512001,579
2021A00053512002,934
2021A00053512005,35379
2021A00053512015,13445
2021A00053512020,1821
2021A00053512026,1145
2021A00053512030,1373
2021A00053512036,326
2021A00053512046,717
2021A00053512048,63
2021A00053512051,41
2021A00053512054,159
2021A00053512058,358
2021A00053512061,3939
2021A00053512065,121
2021A00053512076,312
2021A00053513020,9996
2021A00053514004,2890
2021A00053514014,2014
2021A00053514019,712
2021A00053514020,7709
2021A00053514021,14166
2021A00053514024,1165
2021A00053514045,4270
2021A00053515003,1879
2021A00053515005,3529
2021A00053515008,428
2021A00053515013,3264
2021A00053515014,45680
2021A00053515015,7051
2021A00053515019,202
2021A00053515023,1338
2021A00053515030,885
2021A00053515037,760
2021A00053515044,1504
2021A00053516010,23919
2021A00053518001,37749
2021A00053518005,34270
2021A00053518009,51181
2021A00053518013,52882
2021A00053518017,24342
2021A00053518020,9110
2021A00053518029,10748
2021A00053518039,3783
2021A00053519028,270956
2021A00053519036,195616
2021A00053519038,87726
2021A00053519044,20353
2021A00053519046,32319
2021A00053519048,43237
2021A00053519049,10721
2021A00053519054,11166
2021A00053519070,9981
2021A00053520005,1659592
2021A00053521005,544497
2021A00053521010,240936
2021A00053521024,41920
2021A00053522001,1051
2021A00053522008,1739
2021A00053522010,855
2021A00053522012,3108
2021A00053522014,14251
2021A00053522016,1014
2021A00053522019,888
2021A00053522021,2121
2021A00053523001,6917
2021A00053523008,84299
2021A00053523009,4000
2021A00053523017,3433
2021A00053523025,12641
2021A00053523033,3621
2021A00053523043,4263
2021A00053523050,6590
2021A00053524001,126613
2021A00053524002,117000
2021A00053524009,46663
2021A00053524015,27065
2021A00053525005,226753
2021A00053526003,10887
2021A00053526011,7236
2021A00053526014,1170
2021A00053526021,5401
2021A00053526028,6111
2021A00053526032,19459
2021A00053526037,9338
2021A00053526043,46163
2021A00053526047,17893
2021A00053526053,62210
2021A00053526057,16105
2021A00053526065,10817
2021A00053528018,18070
2021A00053528037,3
2021A00053528052,27871
2021A00053529005,16641
2021A00053529006,49712
2021A00053529020,2523
2021A00053529021,178
2021A00053530004,6627
2021A00053530010,81993
2021A00053530013,111712
2021A00053530016,70834
2021A00053530020,9190
2021A00053530027,5196
2021A00053530035,18064
2021A00053531011,23865
2021A00053531013,1407
2021A00053531016,6568
2021A00053531025,4615
2021A00053531030,3162
2021A00053531040,9432
2021A00053532002,4390
2021A00053532004,10557
2021A00053532012,1922
2021A00053532018,7058
2021A00053532027,3033
2021A00053532038,3061
2021A00053532042,27655
2021A00053532045,2400
2021A00053534005,2328
2021A00053534010,995
2021A00053534011,7390
2021A00053534020,3947
2021A00053534021,18229
2021A00053534024,1165
2021A00053534030,1245
2021A00053534042,1450
2021A00053536020,52216
2021A00053536029,89
2021A00053537001,92
2021A00053537003,19331
2021A00053537013,12771
2021A00053537016,7794
2021A00053537028,6858
2021A00053537034,7728
2021A00053537039,105288
2021A00053537048,16190
2021A00053537064,18697
2021A00053538003,6121
2021A00053538007,118
2021A00053538015,531
2021A00053538016,83
2021A00053538018,127
2021A00053538019,3585
2021A00053538025,0
2021A00053538030,37672
2021A00053538031,1945
2021A00053538035,2329
2021A00053538040,5119
2021A00053538043,1493
2021A00053538056,346
2021A00053539002,308
2021A00053539005,2352
2021A00053539015,14211
2021A00053539021,428
2021A00053539027,4880
2021A00053539033,7503
2021A00053539036,207887
2021A00053539041,1556
2021A00053539047,494
2021A00053539060,1588
2021A00053540005,6873
2021A00053540010,3390
2021A00053540025,3045
2021A00053540028,6096
2021A00053540040,3712
2021A00053540046,821
2021A00053540050,1325
2021A00053540055,3193
2021A00053540063,281
2021A00053541004,1698
2021A00053541015,1471
2021A00053541024,6555
2021A00053541032,5139
2021A00053541043,2366
2021A00053541045,5040
2021A00053541055,3547
2021A00053541056,0
2021A00053541057,153
2021A00053541060,200
2021A00053541069,1866
2021A00053542004,932
2021A00053542005,3939
2021A00053542015,4780
2021A00053542029,6128
2021A00053542037,1153
2021A00053542045,7000
2021A00053542047,2751
2021A00053542053,4746
2021A00053542059,13438
2021A00053543003,1782
2021A00053543005,4602
2021A00053543007,18922
2021A00053543009,8192
2021A00053543014,10838
2021A00053543015,4614
2021A00053543017,11527
2021A00053543019,2114
2021A00053543021,4715
2021A00053543023,5829
2021A00053543031,15860
2021A00053543042,75980
2021A00053543050,1610
2021A00053543052,15969
2021A00053543064,4776
2021A00053543068,2455
2021A00053543071,1150
2021A00053543072,4015
2021A00053543074,12341
2021A00053544002,5503
2021A00053544018,10700
2021A00053544027,1809
2021A00053544042,12267
2021A00053544053,3990
2021A00053544065,1776
2021A00053546005,553
2021A00053546015,2281
2021A00053546018,358
2021A00053546024,3514
2021A00053547002,5318
2021A00053547003,906
2021A00053547008,592
2021A00053547020,182
2021A00053547030,2413
2021A00053547033,468
2021A00053547035,1022
2021A00053547037,255
2021A00053547043,152
2021A00053547046,994
2021A00053547048,6031
2021A00053547056,2247
2021A00053547064,9509
2021A00053547070,337
2021A00053547075,3989
2021A00053547076,3450
2021A00053547090,734
2021A00053547096,1209
2021A00053547098,28
2021A00053548001,471
2021A00053548019,19
2021A00053548021,1158
2021A00053548022,0
2021A00053548027,341
2021A00053548031,123
2021A00053548034,1193
2021A00053548044,32371
2021A00053548055,3599
2021A00053548069,534
2021A00053548072,172
2021A00053548073,353
2021A00053548094,23
2021A00053549003,1794
2021A00053549005,348
2021A00053549012,139
2021A00053549014,499
2021A00053549018,165
2021A00053549019,24
2021A00053549022,899
2021A00053549024,112
2021A00053549028,338
2021A00053549031,1022
2021A00053549032,5592
2021A00053549039,162
2021A00053549043,472
2021A00053549046,225
2021A00053549048,579
2021A00053549051,27
2021A00053549056,587
2021A00053549060,1133
2021A00053549066,745
2021A00053549071,156
2021A00053549072,109
2021A00053549073,0
2021A00053549075,0
2021A00053549076,117
2021A00053549077,243
2021A00053549078,209
2021A00053549095,9
2021A00053549096,249
2021A00053551001,117
2021A00053551006,1251
2021A00053551011,184
2021A00053551017,1218
2021A00053551021,125
2021A00053551026,1743
2021A00053551027,70
2021A00053551028,38
2021A00053551040,98
2021A00053551041,75
2021A00053551043,1057
2021A00053551044,84
2021A00053551045,443
2021A00053551094,27
2021A00053552001,1061
2021A00053552004,152
2021A00053552013,158
2021A00053552023,770
2021A00053552026,2910
2021A00053552028,51
2021A00053552031,276
2021A00053552036,216
2021A00053552051,222
2021A00053552052,14
2021A00053552053,43
2021A00053552092,979
2021A00053552093,402
2021A00053553005,85366
2021A00053553040,7
2021A00053554001,56
2021A00053554006,27
2021A00053554008,130
2021A00053554014,78
2021A00053554020,7486
2021A00053554021,450
2021A00053554024,95
2021A00053554029,27
2021A00053554032,6
2021A00053554034,14
2021A00053554036,708
2021A00053554038,220
2021A00053554042,141
2021A00053554044,16
2021A00053554049,101
2021A00053554052,1148
2021A00053554054,3
2021A00053554056,739
2021A00053554058,52
2021A00053554062,89
2021A00053554066,7
2021A00053554068,3779
2021A00053554094,119
2021A00053556014,1007
2021A00053556027,23892
2021A00053556031,1472
2021A00053556033,50
2021A00053556042,3527
2021A00053556048,395
2021A00053556052,53
2021A00053556056,307
2021A00053556066,4196
2021A00053556070,98
2021A00053556073,39
2021A00053556076,3684
2021A00053556077,27
2021A00053556092,35
2021A00053556093,468
2021A00053556094,1170
2021A00053556095,420
2021A00053557001,63
2021A00053557004,16
2021A00053557006,27
2021A00053557008,379
2021A00053557014,77
2021A00053557016,177
2021A00053557019,185
2021A00053557021,205
2021A00053557026,78
2021A00053557028,939
2021A00053557035,525
2021A00053557038,1848
2021A00053557039,153
2021A00053557040,101
2021A00053557041,3132
2021A00053557051,482
2021A00053557061,35595
2021A00053557066,92
2021A00053557071,42
2021A00053557072,308
2021A00053557074,226
2021A00053557075,780
2021A00053557076,1616
2021A00053557078,15
2021A00053557079,492
2021A00053557091,825
2021A00053557095,589
2021A00053557096,406
2021A00053558001,203
2021A00053558003,1247
2021A00053558004,60200
2021A00053558011,2862
2021A00053558012,105
2021A00053558019,51
2021A00053558028,605
2021A00053558034,47
2021A00053558041,65
2021A00053558044,905
2021A00053558054,1304
2021A00053558059,1493
2021A00053558061,183
2021A00053558062,594
2021A00053558063,35
2021A00053558064,127
2021A00053558065,41
2021A00053558066,877
2021A00053558067,359
2021A00053558069,85
2021A00053558075,2126
2021A00053558076,78
2021A00053558085,353
2021A00053558090,628
2021A00053558097,3
2021A00053559001,1377
2021A00053559012,6584
2021A00053559016,366
2021A00053559019,923
2021A00053559024,573
2021A00053559026,826
2021A00053559031,93
2021A00053559040,60
2021A00053559047,10
2021A00053559051,93
2021A00053559053,123
2021A00053559060,32
2021A00053559063,0
2021A00053559066,97
2021A00053560001,480
2021A00053560008,860
2021A00053560010,11624
2021A00053560021,52
2021A00053560024,82
2021A00053560027,5543
2021A00053560032,406
2021A00053560034,5387
2021A00053560042,2604
2021A00053560046,78
2021A00053560049,559
2021A00053560051,740
2021A00053560053,460
2021A00053560054,165
2021A00053560055,93
2021A00053560056,97
2021A00053560058,150
2021A00053560059,198
2021A00053560061,185
2021A00053560063,0
2021A00053560067,117
2021A00053560068,309
2021A00053560069,24
2021A00053560070,385
2021A00053560071,425
2021A00053560075,322
2021A00053560076,90
2021A00053560077,658
2021A00053560078,153
2021A00053560079,365
2021A00053560080,150
2021A00053560081,90
2021A00053560084,83
2021A00053560085,172
2021A00053560086,7
2021A00053560088,75
2021A00053560089,35
2021A00053560090,995
2021A00053560091,153
2021A00053560095,200
2021A00053560097,150
2021A00053560098,214
2021A00053560104,165
2021A00054601035,546
2021A00054601039,291
2021A00054601043,374
2021A00054601046,600
2021A00054601051,540
2021A00054601057,12
2021A00054601060,1662
2021A00054601070,110
2021A00054601071,1532
2021A00054601075,133
2021A00054601094,596
2021A00054602024,683
2021A00054602027,281
2021A00054602032,968
2021A00054602037,709
2021A00054602041,5513
2021A00054602044,15826
2021A00054602046,2413
2021A00054602053,2041
2021A00054602057,391
2021A00054602061,1152
2021A00054602069,3720
2021A00054602075,2958
2021A00054603030,531
2021A00054603040,4617
2021A00054603041,699
2021A00054603047,1104
2021A00054603050,13478
2021A00054603053,5364
2021A00054603058,181
2021A00054603062,21
2021A00054603065,1670
2021A00054603067,2535
2021A00054603072,126
2021A00054603074,3009
2021A00054604034,801
2021A00054604040,685
2021A00054604052,380
2021A00054604057,322
2021A00054604064,2188
2021A00054605025,1680
2021A00054605032,1305
2021A00054605038,644
2021A00054605044,317
2021A00054605052,948
2021A00054605056,222
2021A00054605062,559
2021A00054605071,279
2021A00054606016,714
2021A00054606023,656
2021A00054606031,684
2021A00054606034,3436
2021A00054606040,3
2021A00054607039,441
2021A00054607046,551
2021A00054607052,1737
2021A00054607062,31125
2021A00054607066,224
2021A00054607068,1692
2021A00054607071,199
2021A00054607076,720
2021A00054608032,744
2021A00054608042,387
2021A00054608046,1818
2021A00054608055,84
2021A00054608060,1286
2021A00054608069,185
2021A00054609018,1120
2021A00054609024,1615
2021A00054609027,18
2021A00054609029,10200
2021A00054610035,5695
2021A00054610043,1014
2021A00054610052,318
2021A00054611040,403494
2021A00054611042,4190
2021A00054612047,10956
2021A00054612054,206
2021A00054612056,2852
2021A00054613032,2684
2021A00054613037,3605
2021A00054613043,3854
2021A00054613047,8007
2021A00054613049,104
2021A00054613056,897
2021A00054613062,434
2021A00054614015,657
2021A00054614031,819
2021A00054614036,1053
2021A00054614039,3091
2021A00054614042,933
2021A00054615020,3362
2021A00054615032,294
2021A00054615037,637
2021A00054615047,208
2021A00054615056,1305
2021A00054615063,637
2021A00054615067,30
2021A00054615070,732
2021A00054615074,15
2021A00054615075,1630
2021A00054615078,226
2021A00054615092,748
2021A00054616005,399
2021A00054616017,365
2021A00054616020,305
2021A00054616030,1467
2021A00054616046,3
2021A00054616048,1259
2021A00054617026,131
2021A00054617029,350
2021A00054617035,707
2021A00054617041,893
2021A00054617048,12
2021A00054617050,6251
2021A00054617054,618
2021A00054617058,476
2021A00054617064,104
2021A00054617072,414
2021A00054617075,173
2021A00054617092,328
2021A00054618031,2738
2021A00054618034,349
2021A00054618037,131
2021A00054618040,289
2021A00054618044,908
2021A00054618055,82
2021A00054618056,1814
2021A00054618060,656
2021A00054618067,358
2021A00054618068,653
2021A00054618074,2206
2021A00054618076,561
2021A00054619045,611
2021A00054619050,401
2021A00054619051,240
2021A00054619052,38
2021A00054619053,459
2021A00054619054,75
2021A00054619056,500
2021A00054619058,398
2021A00054619069,75
2021A00054619072,243
2021A00054619075,75
2021A00054619077,298
2021A00054619079,82
2021A00054620032,176
2021A00054620042,299
2021A00054620048,3762
2021A00054620051,744
2021A00054620055,224
2021A00054621025,582
2021A00054621027,78
2021A00054621029,360
2021A00054621040,1151
2021A00054621045,4508
2021A00054621052,253
2021A00054621064,2768
2021A00054621071,778
2021A00054621078,429
2021A00054622026,7827
2021A00054622046,2853
2021A00054622050,582
2021A00054622055,165
2021A00054622056,35
2021A00054622059,747
2021A00054622063,577
2021A00054622064,228
2021A00054622801,50
2021A00054623022,2198
2021A00054623034,63
2021A00054623037,107
2021A00054623047,375
2021A00054623056,1110
2021A00054623058,80
2021A00054623064,445
2021A00054623065,171
2021A00054623067,263
2021A00054623071,388
2021A00054701002,230
2021A00054701004,85
2021A00054701008,872
2021A00054701011,0
2021A00054701012,37
2021A00054701014,1560
2021A00054701016,0
2021A00054701017,64
2021A00054701018,51
2021A00054701021,247
2021A00054701024,9303
2021A00054701027,48
2021A00054701031,91
2021A00054701032,331
2021A00054701037,235
2021A00054701039,14
2021A00054701041,590
2021A00054701043,21
2021A00054701044,53
2021A00054701047,74
2021A00054701049,668
2021A00054701053,6
2021A00054701054,143
2021A00054701056,1825
2021A00054701059,445
2021A00054701061,138
2021A00054701063,0
2021A00054701064,17
2021A00054701066,593
2021A00054701067,29
2021A00054701069,127
2021A00054701076,429
2021A00054701077,27
2021A00054701078,219
2021A00054701079,233
2021A00054701091,0
2021A00054701096,77
2021A00054701098,37
2021A00054701808,58
2021A00054702001,0
2021A00054702002,91
2021A00054702006,98
2021A00054702008,9
2021A00054702011,13
2021A00054702014,32
2021A00054702016,77
2021A00054702018,26
2021A00054702023,130
2021A00054702024,78
2021A00054702026,0
2021A00054702028,77
2021A00054702029,28
2021A00054702031,662
2021A00054702033,36
2021A00054702036,10
2021A00054702037,38
2021A00054702038,126
2021A00054702039,475
2021A00054702041,66
2021A00054702042,82
2021A00054702044,125
2021A00054702047,8033
2021A00054702048,9
2021A00054702051,7
2021A00054702052,126
2021A00054702054,112
2021A00054702057,9
2021A00054702058,86
2021A00054702061,0
2021A00054702062,289
2021A00054702066,6
2021A00054702067,176
2021A00054702069,31
2021A00054702071,79
2021A00054702072,78
2021A00054702073,50
2021A00054702076,3
2021A00054702077,16
2021A00054702078,126
2021A00054702079,30
2021A00054703004,658
2021A00054703006,134
2021A00054703009,201
2021A00054703011,12
2021A00054703012,50
2021A00054703018,78
2021A00054703019,294
2021A00054703022,84
2021A00054703026,41
2021A00054703028,160
2021A00054703029,32
2021A00054703034,115
2021A00054703036,1205
2021A00054703038,29
2021A00054703041,112
2021A00054703042,16
2021A00054703044,387
2021A00054703048,44
2021A00054703051,157
2021A00054703052,32
2021A00054703054,18
2021A00054703058,302
2021A00054703059,181
2021A00054703061,25
2021A00054703062,212
2021A00054703064,21
2021A00054703068,743
2021A00054703074,98
2021A00054703092,287
2021A00054703093,354
2021A00054703096,111
2021A00054704002,165
2021A00054704003,12
2021A00054704008,53
2021A00054704009,242
2021A00054704011,51
2021A00054704012,311
2021A00054704019,0
2021A00054704021,164
2021A00054704024,0
2021A00054704026,455
2021A00054704028,251
2021A00054704029,55
2021A00054704036,923
2021A00054704038,45
2021A00054704050,44
2021A00054704058,307
2021A00054704061,18
2021A00054705001,70
2021A00054705002,64
2021A00054705009,135
2021A00054705016,944
2021A00054705018,57
2021A00054705019,65
2021A00054705021,103
2021A00054705024,377
2021A00054705027,3
2021A00054705028,230
2021A00054705029,543
2021A00054705031,551
2021A00054705034,752
2021A00054705038,1103
2021A00054705041,17
2021A00054705042,15
2021A00054705043,100
2021A00054705044,168
2021A00054705047,0
2021A00054705048,854
2021A00054705049,6
2021A00054705052,3261
2021A00054705053,102
2021A00054705054,44
2021A00054705055,0
2021A00054705056,114
2021A00054705058,3
2021A00054705059,75
2021A00054705061,49
2021A00054705062,18
2021A00054705064,45
2021A00054705066,104
2021A00054705068,99
2021A00054705069,13
2021A00054705071,6
2021A00054705073,0
2021A00054705074,2416
2021A00054705078,258
2021A00054705079,93
2021A00054705093,9
2021A00054705094,353
2021A00054705096,52
2021A00054706001,33
2021A00054706002,176
2021A00054706003,10
2021A00054706004,56
2021A00054706006,89
2021A00054706007,96
2021A00054706008,126
2021A00054706009,37
2021A00054706011,448
2021A00054706013,3
2021A00054706014,117
2021A00054706016,13
2021A00054706017,188
2021A00054706018,36
2021A00054706019,79
2021A00054706021,282
2021A00054706022,1088
2021A00054706023,163
2021A00054706026,2016
2021A00054706027,120141
2021A00054706028,15
2021A00054706029,3073
2021A00054706030,1046
2021A00054706031,1349
2021A00054706033,148
2021A00054706034,15
2021A00054706036,118
2021A00054706037,425
2021A00054706039,922
2021A00054706041,156
2021A00054706042,0
2021A00054706046,74
2021A00054706047,613
2021A00054706049,16
2021A00054706051,2088
2021A00054706053,150
2021A00054706054,95
2021A00054706055,39
2021A00054706056,832
2021A00054706061,444
2021A00054706062,6
2021A00054706063,9
2021A00054706064,59
2021A00054706067,107
2021A00054706068,22
2021A00054706071,9
2021A00054706073,185
2021A00054706074,402
2021A00054706076,0
2021A00054706077,80
2021A00054706078,314
2021A00054706079,76
2021A00054706080,3
2021A00054706085,6
2021A00054706091,36
2021A00054706092,298
2021A00054706093,10
2021A00054706094,280
2021A00054706096,0
2021A00054706097,50
2021A00054706098,100
2021A00054707006,13
2021A00054707008,34
2021A00054707011,22
2021A00054707012,53
2021A00054707014,3
2021A00054707016,80
2021A00054707018,0
2021A00054707020,0
2021A00054707022,27
2021A00054707023,53
2021A00054707024,3
2021A00054707026,176
2021A00054707027,108
2021A00054707028,21
2021A00054707031,156
2021A00054707034,84
2021A00054707036,0
2021A00054707037,384
2021A00054707038,100
2021A00054707039,16325
2021A00054707042,13
2021A00054707043,102
2021A00054707044,40
2021A00054707045,3
2021A00054707048,140
2021A00054707049,25
2021A00054707054,374
2021A00054707058,9
2021A00054707059,162
2021A00054707062,155
2021A00054707063,270
2021A00054707067,57
2021A00054707068,0
2021A00054707071,13
2021A00054707072,133
2021A00054707077,20
2021A00054707091,3
2021A00054707092,307
2021A00054707093,7
2021A00054708001,670
2021A00054708004,11250
2021A00054708008,29
2021A00054708011,769
2021A00054708012,56
2021A00054708018,24
2021A00054708022,96
2021A00054708024,3
2021A00054708026,124
2021A00054708028,0
2021A00054708029,70
2021A00054708031,77
2021A00054708032,372
2021A00054708034,180
2021A00054708036,15
2021A00054708038,3
2021A00054708039,110
2021A00054708042,85
2021A00054708044,212
2021A00054708046,0
2021A00054708048,73
2021A00054708049,39
2021A00054708053,3
2021A00054708054,75
2021A00054708056,28
2021A00054708057,37
2021A00054708059,6
2021A00054708061,610
2021A00054708062,81
2021A00054708065,31
2021A00054708068,357
2021A00054708071,41
2021A00054708074,189
2021A00054708076,738
2021A00054708092,25
2021A00054708094,376
2021A00054709001,48
2021A00054709002,9
2021A00054709006,28
2021A00054709009,43
2021A00054709011,36
2021A00054709012,11950
2021A00054709014,52
2021A00054709016,125
2021A00054709019,34
2021A00054709023,30
2021A00054709024,18
2021A00054709028,226
2021A00054709029,21
2021A00054709032,1177
2021A00054709033,34
2021A00054709037,10
2021A00054709038,37
2021A00054709039,1273
2021A00054709042,28
2021A00054709044,33
2021A00054709046,3
2021A00054709049,37
2021A00054709053,65
2021A00054709054,78
2021A00054709056,10
2021A00054709058,68
2021A00054709060,16
2021A00054709061,57
2021A00054709062,3
2021A00054709064,763
2021A00054709065,127
2021A00054709066,167
2021A00054709067,74
2021A00054709069,65
2021A00054709071,65
2021A00054709072,492
2021A00054709076,60
2021A00054710002,12
2021A00054710003,36
2021A00054710004,308
2021A00054710008,264
2021A00054710009,103
2021A00054710011,70
2021A00054710022,101
2021A00054710027,680
2021A00054710028,6
2021A00054710029,328
2021A00054710031,33
2021A00054710034,6
2021A00054710036,21
2021A00054710038,745
2021A00054710041,16
2021A00054710043,34
2021A00054710047,1085
2021A00054710054,99
2021A00054710056,0
2021A00054710058,279
2021A00054710062,611
2021A00054710064,322
2021A00054710066,89
2021A00054710068,1642
2021A00054710071,56
2021A00054710072,35
2021A00054711002,85
2021A00054711003,68
2021A00054711004,84
2021A00054711008,343
2021A00054711009,12
2021A00054711011,0
2021A00054711014,750
2021A00054711019,150
2021A00054711021,123
2021A00054711022,13
2021A00054711024,15
2021A00054711026,28
2021A00054711027,1152
2021A00054711028,236
2021A00054711029,12
2021A00054711031,6
2021A00054711032,122
2021A00054711036,88
2021A00054711038,31
2021A00054711041,38
2021A00054711044,297
2021A00054711046,34
2021A00054711048,106
2021A00054711049,1183
2021A00054711052,1446
2021A00054711054,82
2021A00054711056,56
2021A00054711058,0
2021A00054711059,59
2021A00054711060,13
2021A00054711061,141
2021A00054711063,293
2021A00054711064,16
2021A00054711065,2589
2021A00054711066,153278
2021A00054711067,359
2021A00054711068,3635
2021A00054711069,9
2021A00054711070,2608
2021A00054711072,815
2021A00054711077,10
2021A00054711078,54
2021A00054711079,545
2021A00054711092,93
2021A00054711094,9
2021A00054711096,76
2021A00054711828,840
2021A00054712001,105
2021A00054712004,20
2021A00054712006,2366
2021A00054712008,6
2021A00054712011,14
2021A00054712012,99
2021A00054712014,62
2021A00054712016,116
2021A00054712019,28
2021A00054712020,27
2021A00054712022,43
2021A00054712026,64
2021A00054712031,9
2021A00054712032,37
2021A00054712034,85
2021A00054712038,36
2021A00054712042,15
2021A00054712046,1150
2021A00054712050,16
2021A00054712051,176
2021A00054712052,12
2021A00054712056,566
2021A00054712058,988
2021A00054712059,324
2021A00054712064,19
2021A00054712072,138
2021A00054712078,45
2021A00054712079,1362
2021A00054712833,0
2021A00054713002,63
2021A00054713004,22
2021A00054713006,24
2021A00054713008,3991
2021A00054713009,191
2021A00054713011,35
2021A00054713014,78
2021A00054713016,16
2021A00054713019,12
2021A00054713021,49
2021A00054713022,68
2021A00054713024,105
2021A00054713026,267
2021A00054713028,15
2021A00054713029,201
2021A00054713031,170
2021A00054713032,79
2021A00054713039,49
2021A00054713041,3
2021A00054713042,578
2021A00054713044,285
2021A00054713046,49
2021A00054713049,3
2021A00054713051,786
2021A00054713053,0
2021A00054713054,120
2021A00054713056,21
2021A00054713059,0
2021A00054713062,56
2021A00054713064,81
2021A00054713067,124
2021A00054713069,502
2021A00054713074,1511
2021A00054713078,67
2021A00054713079,36
2021A00054713091,115
2021A00054713092,67
2021A00054713094,283
2021A00054713096,236
2021A00054713098,405
2021A00054714004,1119
2021A00054714006,88
2021A00054714007,684
2021A00054714009,35
2021A00054714021,153
2021A00054714022,593
2021A00054714023,3
2021A00054714024,261
2021A00054714025,16
2021A00054714026,46
2021A00054714028,187
2021A00054714030,48
2021A00054714032,503
2021A00054714034,112
2021A00054714035,139
2021A00054714036,252
2021A00054714038,25
2021A00054714039,51
2021A00054714041,115
2021A00054714044,2327
2021A00054714047,15
2021A00054714048,0
2021A00054714049,158
2021A00054714051,3906
2021A00054714053,220
2021A00054714056,3
2021A00054714058,52
2021A00054714059,0
2021A00054714061,82
2021A00054714062,533
2021A00054714068,316
2021A00054714069,809
2021A00054714073,62
2021A00054714074,188
2021A00054714076,2269
2021A00054714077,25
2021A00054714079,115
2021A00054714091,52
2021A00054714092,211
2021A00054714093,177
2021A00054714839,3
2021A00054714845,385
2021A00054715002,253
2021A00054715003,194
2021A00054715004,133
2021A00054715005,316
2021A00054715006,141
2021A00054715007,644
2021A00054715008,4737
2021A00054715011,3
2021A00054715012,193
2021A00054715014,49
2021A00054715016,43
2021A00054715017,161
2021A00054715018,19
2021A00054715019,262
2021A00054715027,416
2021A00054715028,479
2021A00054715029,101
2021A00054715032,1652
2021A00054715034,1055
2021A00054715036,3
2021A00054715038,33
2021A00054715041,470
2021A00054715042,686
2021A00054715044,43
2021A00054715045,15
2021A00054715046,21
2021A00054715047,192
2021A00054715048,36
2021A00054715049,1002
2021A00054715051,27
2021A00054715052,58
2021A00054715054,27
2021A00054715057,341
2021A00054715059,68
2021A00054715061,36
2021A00054715062,753
2021A00054715066,22079
2021A00054715070,204
2021A00054715072,38
2021A00054715074,495
2021A00054715076,554
2021A00054715085,22
2021A00054715091,22
2021A00054715092,74
2021A00054715094,102
2021A00054715098,66
2021A00054715847,157
2021A00054715851,0
2021A00054716002,3
2021A00054716003,3
2021A00054716004,35
2021A00054716008,3
2021A00054716009,155
2021A00054716011,287
2021A00054716014,98
2021A00054716016,380
2021A00054716019,32
2021A00054716022,201
2021A00054716023,38
2021A00054716024,26
2021A00054716026,24
2021A00054716027,75
2021A00054716029,10775
2021A00054716033,93
2021A00054716038,0
2021A00054716042,522
2021A00054716044,68
2021A00054716046,42
2021A00054716047,961
2021A00054716051,22
2021A00054716052,509
2021A00054716053,286
2021A00054716054,624
2021A00054716056,7
2021A00054716057,174
2021A00054716058,904
2021A00054716061,368
2021A00054716063,41
2021A00054716072,824
2021A00054716077,81
2021A00054716856,110
2021A00054716860,3
2021A00054717002,313
2021A00054717004,10
2021A00054717005,0
2021A00054717006,199
2021A00054717008,119
2021A00054717011,211
2021A00054717013,40
2021A00054717014,172
2021A00054717018,817
2021A00054717019,24
2021A00054717022,55
2021A00054717024,427
2021A00054717026,178
2021A00054717028,33
2021A00054717029,5884
2021A00054717034,339
2021A00054717036,569
2021A00054717039,56
2021A00054717041,642
2021A00054717045,90
2021A00054717047,67
2021A00054717048,276
2021A00054717052,4828
2021A00054717055,56
2021A00054717056,53
2021A00054717057,23
2021A00054717058,355
2021A00054717066,183
2021A00054717067,482
2021A00054717802,1178
2021A00054717805,237
2021A00054717806,195
2021A00054717809,150
2021A00054717813,18
2021A00054718005,491
2021A00054718015,18
2021A00054718021,65
2021A00054718028,18
2021A00054718033,220
2021A00054718042,242
2021A00054718049,95
2021A00054718051,670
2021A00054718052,100
2021A00054718055,194
2021A00054718058,65
2021A00054718065,502
2021A00054718069,210
2021A00054718070,296
2021A00054718072,207
2021A00054718074,254
2021A00054718075,10
2021A00054718090,162
2021A00054718100,446
2021A00054718802,660
2021A00054718811,3511
2021A00054718821,0
2021A00054718822,22
2021A00054718824,156
2021A00054718832,353
2021A00054718839,72
2021A00054718852,0
2021A00054801003,3115
2021A00054801006,31671
2021A00054801008,112
2021A00054801009,455
2021A00054801014,1688
2021A00054801018,3809
2021A00054802001,215
2021A00054802002,104
2021A00054802004,945
2021A00054802006,228
2021A00054802009,209
2021A00054802011,3730
2021A00054802012,56148
2021A00054802013,1228
2021A00054802014,420
2021A00054802016,40
2021A00054802018,2702
2021A00054802019,3609
2021A00054802021,1787
2021A00054802022,6791
2021A00054802023,679
2021A00054802029,837
2021A00054802031,662
2021A00054802034,9703
2021A00054802036,456
2021A00054802038,164
2021A00054802039,677
2021A00054803001,210
2021A00054803002,1039
2021A00054803003,470
2021A00054803004,2563
2021A00054803006,64
2021A00054803008,32
2021A00054803011,198
2021A00054803014,3219
2021A00054803016,92
2021A00054803018,2829
2021A00054803019,3375
2021A00054803022,841
2021A00054803024,226
2021A00054803026,1240
2021A00054803801,359
2021A00054803802,1275
2021A00054804001,177
2021A00054804004,271
2021A00054804006,25
2021A00054804011,1911
2021A00054804012,103
2021A00054804014,1143
2021A00054804019,92
2021A00054804020,231
2021A00054804021,209
2021A00054804022,801
2021A00054805001,167
2021A00054805002,68
2021A00054805004,133
2021A00054805006,1664
2021A00054805008,114
2021A00054805009,202
2021A00054805011,127
2021A00054805012,2171
2021A00054805018,7126
2021A00054805019,130
2021A00054805021,442
2021A00054805022,263
2021A00054805026,3494
2021A00054805031,86
2021A00054805034,214
2021A00054805036,15
2021A00054805038,167
2021A00054805041,82
2021A00054805042,230
2021A00054805044,1060
2021A00054805046,809
2021A00054805048,1966
2021A00054805049,742
2021A00054805802,1219
2021A00054806001,6335
2021A00054806006,8044
2021A00054806008,170
2021A00054806009,684
2021A00054806011,1107
2021A00054806012,13638
2021A00054806014,35579
2021A00054806016,754010
2021A00054806017,5512
2021A00054806019,10510
2021A00054806021,23139
2021A00054806026,2456
2021A00054806028,560
2021A00054806029,1717
2021A00054806031,434
2021A00054806032,2642
2021A00054806034,6935
2021A00054806036,3312
2021A00054806804,1871
2021A00054807001,199
2021A00054807002,2331
2021A00054807004,149
2021A00054807006,109
2021A00054807008,76
2021A00054807011,24
2021A00054807012,1141
2021A00054807014,686
2021A00054807016,70
2021A00054807019,441
2021A00054807021,300
2021A00054807026,4897
2021A00054807027,3
2021A00054807028,9
2021A00054807029,165
2021A00054807031,168
2021A00054807032,175
2021A00054807036,484
2021A00054807038,58
2021A00054807039,540
2021A00054807042,716
2021A00054807044,1057
2021A00054807046,151
2021A00054807048,853
2021A00054807049,91
2021A00054807051,373
2021A00054807052,199
2021A00054807054,5189
2021A00054807056,315
2021A00054808001,14017
2021A00054808002,9
2021A00054808004,168
2021A00054808005,47
2021A00054808006,69
2021A00054808008,4948
2021A00054808009,249
2021A00054808011,55770
2021A00054808012,5320
2021A00054808013,76
2021A00054808022,1216
2021A00054808023,60
2021A00054808024,1235
2021A00054808025,0
2021A00054808026,1113
2021A00054808027,0
2021A00054808029,3343
2021A00054808031,10005
2021A00054808032,390
2021A00054808038,356
2021A00054808039,5796
2021A00054808042,3
2021A00054808044,2647
2021A00054809002,906
2021A00054809010,627
2021A00054809015,10117
2021A00054810001,1066
2021A00054810002,537
2021A00054810003,82
2021A00054810006,146
2021A00054810009,55
2021A00054810011,12404
2021A00054810012,130
2021A00054810014,203
2021A00054810016,350
2021A00054810019,421
2021A00054810021,142
2021A00054810022,897
2021A00054810026,109
2021A00054810028,3589
2021A00054810031,211
2021A00054810034,434
2021A00054810036,914
2021A00054810038,166
2021A00054810039,18639
2021A00054810041,630
2021A00054810042,3565
2021A00054810044,223
2021A00054810048,239
2021A00054810051,147
2021A00054810052,657
2021A00054810058,158
2021A00054810059,99
2021A00054810061,401
2021A00054810062,56
2021A00054810064,896
2021A00054810066,471
2021A00054810068,1241
2021A00054811001,1271
2021A00054811002,8587
2021A00054811003,95
2021A00054811004,0
2021A00054811006,3
2021A00054811008,66
2021A00054811011,919
2021A00054811012,23799
2021A00054811013,4108
2021A00054811016,22618
2021A00054811018,2146
2021A00054811019,722
2021A00054811020,61
2021A00054811021,1314
2021A00054811023,0
2021A00054811024,986
2021A00054811026,489
2021A00054811031,9560
2021A00054811032,509
2021A00054811034,21137
2021A00054811038,193
2021A00054811039,0
2021A00054811044,3
2021A00054811046,68
2021A00054811048,9108
2021A00054811049,17915
2021A00054811052,51846
2021A00054811056,13405
2021A00054811059,6042
2021A00054811061,560203
2021A00054811062,26546
2021A00054811064,1649
2021A00054811065,1713
2021A00054811066,427
2021A00054811068,4683
2021A00054811069,443
2021A00054811801,2405
2021A00054811805,59
2021A00054811806,19
2021A00054812002,8514
2021A00054812004,705
2021A00054812009,10883
2021A00054812012,282
2021A00054812014,1748
2021A00054812016,1247
2021A00054812018,6092
2021A00054812020,0
2021A00054812022,987
2021A00054812024,190
2021A00054812026,191
2021A00054812029,1268
2021A00054812037,5154
2021A00054812038,57
2021A00054812802,3
2021A00054812804,135
2021A00054812806,0
2021A00054812810,0
2021A00054812811,571
2021A00054813001,1088
2021A00054813002,1251
2021A00054813003,3
2021A00054813006,10
2021A00054813007,151
2021A00054813008,0
2021A00054813011,96
2021A00054813012,139
2021A00054813013,7
2021A00054813014,1071
2021A00054813015,10
2021A00054813016,0
2021A00054813018,919
2021A00054813019,4715
2021A00054813028,888
2021A00054813029,608
2021A00054813030,10214
2021A00054813031,3760
2021A00054813032,306
2021A00054813033,0
2021A00054813036,588
2021A00054813044,726
2021A00054813045,7
2021A00054813046,1340
2021A00054813047,16
2021A00054813048,4627
2021A00054813049,101
2021A00054813051,0
2021A00054813053,182
2021A00054813055,0
2021A00054813061,13
2021A00054814003,2875
2021A00054814019,6190
2021A00054814024,8390
2021A00054815007,2887
2021A00054815013,1074
2021A00054815015,758
2021A00054815023,12413
2021A00054815032,1694
2021A00054815033,4174
2021A00054815035,11275
2021A00054815045,15
2021A00054815802,722
2021A00054816037,47510
2021A00054816810,357
2021A00054816817,308
2021A00054816860,7
2021A00054817021,3879
2021A00054817024,847
2021A00054817026,346
2021A00054817027,993
2021A00054817029,6744
2021A00054817031,1823
2021A00054817033,212
2021A00054817039,417
2021A00054817062,587
2021A00054817064,323
2021A00054817076,360
2021A00054817078,1674
2021A00054817093,4585
2021A00054817095,6979
2021A00054817097,564
2021A00054817817,40
2021A00054817819,15
2021A00054817824,373
2021A00054817829,136
2021A00054817832,15
2021A00054817833,49
2021A00054817835,53
2021A00054817836,357
2021A00054817837,425
2021A00054817845,380
2021A00054817849,0
2021A00054817855,13
2021A00054817857,121
2021A00054817860,652
2021A00054818002,1551
2021A00054818015,2641
2021A00054818018,2804
2021A00054818816,78
2021A00054819006,12845
2021A00054819008,832
2021A00054819009,2345
2021A00054819011,605
2021A00054819012,43699
2021A00054819014,2881
2021A00054819038,8117
2021A00054819041,149
2021A00054819042,324
2021A00054819044,115
2021A00054819048,156
2021A00054819049,278
2021A00054819056,648
2021A00054819058,1108
2021A00054819059,753
2021A00054819066,92
2021A00054819068,3200
2021A00054819071,82
2021A00054819072,146
2021A00054819074,2303
2021A00054819815,3
2021A00055901003,1953
2021A00055901006,2373
2021A00055901012,4168
2021A00055901017,862
2021A00055901019,838
2021A00055901022,14312
2021A00055901028,2964
2021A00055901035,1521
2021A00055901037,358
2021A00055901039,3607
2021A00055901040,1195
2021A00055901043,282
2021A00055901046,2203
2021A00055901048,354
2021A00055901801,73
2021A00055901803,0
2021A00055901804,76
2021A00055901806,583
2021A00055901808,899
2021A00055903004,3626
2021A00055903010,681
2021A00055903011,819
2021A00055903013,877
2021A00055903015,10672
2021A00055903017,321
2021A00055903019,94
2021A00055903023,784
2021A00055903027,105
2021A00055903032,446
2021A00055903039,294
2021A00055903041,791
2021A00055903043,574
2021A00055903045,5361
2021A00055903047,96
2021A00055903050,2619
2021A00055903052,1140
2021A00055903056,723
2021A00055903058,1232
2021A00055903060,193
2021A00055903807,110
2021A00055905005,583
2021A00055905009,116
2021A00055905014,6353
2021A00055905018,284
2021A00055905023,2400
2021A00055905026,406
2021A00055905030,488
2021A00055905032,3519
2021A00055905037,475
2021A00055905042,204
2021A00055905050,422
2021A00055905052,632
2021A00055905054,587
2021A00055907005,3667
2021A00055907009,614
2021A00055907014,3451
2021A00055907022,605
2021A00055907024,1635
2021A00055907026,992
2021A00055907028,2622
2021A00055907035,4342
2021A00055907041,23385
2021A00055907047,1207
2021A00055907048,417
2021A00055907049,726
2021A00055907051,330
2021A00055907053,520
2021A00055907055,521
2021A00055907801,0
2021A00055907802,261
2021A00055907803,418
2021A00055907807,41
2021A00055909009,3472
2021A00055909014,126
2021A00055909016,90
2021A00055909020,43569
2021A00055909027,822
2021A00055909032,2780
2021A00055909034,508
2021A00055909035,1907
2021A00055909036,272
2021A00055909048,188
2021A00055909052,83757
2021A00055909056,12222
2021A00055909060,344
2021A00055909062,743
2021A00055909804,0
2021A00055909807,0
2021A00055909808,10
2021A00055909815,7
2021A00055909816,7
2021A00055909817,38
2021A00055909818,0
2021A00055909821,7
2021A00055909826,35
2021A00055909827,0
2021A00055909830,759
2021A00055909831,7
2021A00055909837,90
2021A00055909839,153
2021A00055909851,7
2021A00055909856,0
2021A00055909877,177
2021A00055909878,0
2021A00055909880,133
2021A00055909881,38
2021A00055909882,35
2021A00055909884,90
2021A00055909885,153
2021A00055915001,82348
2021A00055915002,16373
2021A00055915004,230393
2021A00055915007,6721
2021A00055915011,69248
2021A00055915015,142335
2021A00055915020,7096
2021A00055915022,556446
2021A00055915025,165618
2021A00055915029,33314
2021A00055915034,56617
2021A00055915036,99
2021A00055915038,1070
2021A00055915039,33234
2021A00055915043,11472
2021A00055915046,36338
2021A00055915051,35165
2021A00055915055,19068
2021A00055915062,1516
2021A00055915065,347
2021A00055915070,7902
2021A00055915075,29453
2021A00055915801,96
2021A00055915802,3871
2021A00055915803,731
2021A00055915804,15
2021A00055915806,527
2021A00055915807,171
2021A00055915808,5114
2021A00055915811,534
2021A00055915816,0
2021A00055915825,0
2021A00055915830,168
2021A00055917005,4353
2021A00055917010,7238
2021A00055917015,12134
2021A00055917021,48093
2021A00055917027,5155
2021A00055917029,1851
2021A00055917030,5536
2021A00055917034,80107
2021A00055917040,5111
2021A00055917041,5207
2021A00055917042,1666
2021A00055917044,20316
2021A00055917047,5009
2021A00055917049,565
2021A00055917052,3245
2021A00055917054,848
2021A00055917056,15
2021A00055917801,81
2021A00055917803,114
2021A00055917804,277
2021A00055917809,44
2021A00055917811,258
2021A00055917812,202
2021A00055917815,87
2021A00055917819,3
2021A00055919008,13348
2021A00055919012,5619
2021A00055919013,1273
2021A00055919015,301
2021A00055919016,1089
2021A00055919017,1056
2021A00055919021,3066
2021A00055919033,166
2021A00055919035,76
2021A00055919043,2079
2021A00055919046,2608
2021A00055919049,1936
2021A00055919051,3227
2021A00055919801,88
2021A00055919803,0
2021A00055919804,35
2021A00055919812,37
2021A00055919815,75
2021A00055919816,447
2021A00055919822,2341
2021A00055921007,49220
2021A00055921008,1591
2021A00055921010,3652
2021A00055921014,784
2021A00055921016,1346
2021A00055921018,7791
2021A00055921023,2725
2021A00055921030,1222
2021A00055921032,3302
2021A00055921034,1103
2021A00055921036,650
2021A00055921804,276
2021A00055921805,35
2021A00055921806,42
2021A00055921807,6
2021A00055923008,9927
2021A00055923019,1915
2021A00055923025,3381
2021A00055923033,85
2021A00055923035,482
2021A00055923037,361
2021A00055923039,519
2021A00055923047,150
2021A00055923049,382
2021A00055923801,35
2021A00055923803,224
2021A00055923805,0
2021A00055923807,102
2021A00055923808,188
2021A00055923813,0
2021A00055923816,520
2021A00055923822,0
2021A00055924025,940
2021A00055924029,120
2021A00055924030,203
2021A00055924034,20031
2021A00055924039,222
2021A00055924042,651
2021A00055924048,171
2021A00055924052,441
2021A00055924054,1091
2021A00055924804,701
2021A00055924806,178
2021A00055924812,220
2021A00055924817,12
2021A00055924820,10
2021A00055924835,0
2021A00055924840,110
2021A00055926005,3862
2021A00055926010,18632
2021A00055926014,1780
2021A00055926021,1854
2021A00055926022,1762
2021A00055926024,2110
2021A00055926801,18
2021A00055926802,0
2021A00055927008,7489
2021A00055927010,159
2021A00055927012,49
2021A00055927018,166
2021A00055927020,54
2021A00055927802,302
2021A00055927806,0
2021A00055929005,3785
2021A00055929011,5378
2021A00055929018,1027
2021A00055929022,735
2021A00055929024,767
2021A00055929026,586
2021A00055929028,889
2021A00055929803,0
2021A00055931006,10044
2021A00055931012,2847
2021A00055931017,649
2021A00055931020,15351
2021A00055931021,1715
2021A00055931026,2014
2021A00055931032,91
2021A00055931801,532
2021A00055931802,0
2021A00055931806,98
2021A00055931807,0
2021A00055931826,159
2021A00055931829,3
2021A00055931832,21
2021A00055931844,124
2021A00055933006,5072
2021A00055933008,490
2021A00055933012,30
2021A00055933015,887
2021A00055933019,1375
2021A00055933024,460
2021A00055933028,323
2021A00055933032,75
2021A00055933035,1059
2021A00055933037,87
2021A00055933039,1273
2021A00055933042,49670
2021A00055933044,419
2021A00055933045,1104
2021A00055933054,1255
2021A00055933060,539
2021A00055933067,1739
2021A00055933068,222
2021A00055933070,306
2021A00055933072,170
2021A00055933074,1138
2021A00055933801,27
2021A00055933806,28
2021A00055933807,210
2021A00055933808,15
2021A00055933812,75
2021A00055933814,10
2021A00055933817,15
2021A00055933859,6
2021A00055933876,38
2021A00055933877,50
2021A00055933880,5806
2021A00055933881,65
2021A00055933884,150
2021A00055933898,48
2021A00055935010,93392
2021A00055935012,1884
2021A00055935016,4894
2021A00055935018,1652
2021A00055935020,324
2021A00055935029,11716
2021A00055935801,784
2021A00055935802,4262
2021A00055935803,588
2021A00055937005,1156
2021A00055937010,3807
2021A00055937014,26473
2021A00055937017,1689
2021A00055937021,837
2021A00055937022,473
2021A00055937023,126
2021A00055937024,3909
2021A00055937028,2543
2021A00055937033,1300
2021A00055937041,1107
2021A00055937801,336
2021A00055937802,177
2021A00055937803,3
2021A00055939007,3886
2021A00055939011,1046
2021A00055939019,4974
2021A00055939023,1256
2021A00055939032,12525
2021A00055939037,1998
2021A00055939039,661
2021A00055939043,256
2021A00055939044,506
2021A00055939045,1276
2021A00055939801,33
2021A00055939803,22
2021A00055939804,42
2021A00055939805,362
2021A00055939806,0
2021A00055939807,0
2021A00055939808,172
2021A00055939811,69
2021A00055941005,180
2021A00055941009,10613
2021A00055941010,1982
2021A00055941012,456
2021A00055941013,8975
2021A00055941014,686
2021A00055941015,4525
2021A00055941016,48
2021A00055941017,525
2021A00055941019,1196
2021A00055941021,985
2021A00055941025,76
2021A00055941026,324
2021A00055941027,234
2021A00055941039,280
2021A00055941041,536
2021A00055941802,118
2021A00055941806,110
2021A00055941808,75
2021A00055941809,0
2021A00055941810,6
2021A00055941812,99
2021A00055941840,151
2021A00055941841,133
2021A00055941850,86
2021A00055941871,3
2021A00055941882,42
2021A00055943008,319
2021A00055943012,1266
2021A00055943017,331
2021A00055943023,3356
2021A00055943027,18
2021A00055943031,295
2021A00055943033,107
2021A00055943037,186
2021A00055943808,10
2021A00055943813,35
2021A00055943815,90
2021A00055943816,160
2021A00055945006,33
2021A00055945010,270
2021A00055945012,63
2021A00055945014,740
2021A00055945801,401
2021A00055945802,444
2021A00055945803,3
2021A00055947007,161
2021A00055947012,8322
2021A00055947021,6
2021A00055947023,1023
2021A00055947027,816
2021A00055947032,413
2021A00055947803,49
2021A00055947804,395
2021A00055947806,75
2021A00055947807,150
2021A00055947809,225
2021A00055947823,6
2021A00055949005,4570
2021A00055949011,10684
2021A00055949013,187
2021A00055949018,1205
2021A00055949022,954
2021A00055949024,268
2021A00055949028,480
2021A00055949032,687
2021A00055949035,761
2021A00055949038,1200
2021A00055949039,148
2021A00055949802,212
2021A00055949803,172
2021A00055949804,57
2021A00055949807,164
2021A00055949812,126
2021A00055949813,174
2021A00055949814,88
2021A00055949815,88
2021A00055949817,341
2021A00055949818,73
2021A00055949819,19
2021A00055949832,97
2021A00055949844,35
2021A00055949847,96
2021A00055951007,3941
2021A00055951017,139
2021A00055951019,838
2021A00055951022,2465
2021A00055951028,464
2021A00055951031,1205
2021A00055951032,38
2021A00055951034,2644
2021A00055951038,594
2021A00055951043,6380
2021A00055951051,2732
2021A00055951053,99
2021A00055951803,79
2021A00055951807,730
2021A00055951809,118
2021A00055951818,48
2021A00055951824,0
2021A00055951848,6
2021A00055953007,734
2021A00055953012,928
2021A00055953019,63
2021A00055953023,49709
2021A00055953033,1962
2021A00055953038,531
2021A00055953042,849
2021A00055953044,1035
2021A00055953046,69
2021A00055953048,201
2021A00055953050,357
2021A00055953801,0
2021A00055953802,88
2021A00055955003,1776
2021A00055955005,546
2021A00055955010,2777
2021A00055955014,12308
2021A00055955021,333
2021A00055955023,247
2021A00055955025,362
2021A00055955030,492
2021A00055955034,23000
2021A00055955040,1691
2021A00055955042,1894
2021A00055955801,160
2021A00055955802,225
2021A00055955803,0
2021A00055955804,0
2021A00055955807,10
2021A00055955812,50
2021A00055957022,234
2021A00055957804,22
2021A00055957813,131
2021A00055959007,3994
2021A00055959806,13
2021A00056001003,680
2021A00056001004,116
2021A00056001009,20162
2021A00056001012,538
2021A00056001018,622
2021A00056001022,345
2021A00056001029,1791
2021A00056001036,41
2021A00056001037,160
2021A00056001041,421
2021A00056001042,103
2021A00056001043,224
2021A00056001045,150
2021A00056001047,272
2021A00056001048,318
2021A00056001049,276
2021A00056001050,0
2021A00056001055,3
2021A00056001058,0
2021A00056001059,35
2021A00056101010,138
2021A00056101014,148
2021A00056101015,261
2021A00056101017,2410
2021A00056101025,235
2021A00056101036,335
2021A00056101041,97
2021A00056101095,217
2021A00056102003,381
2021A00056102005,395
2021A00056102007,595
2021A00056102009,346
2021A00056102012,190
2021A00056103031,786
2021A00056103034,97
2021A00056103049,60
2021A00056103052,0
2021A00056104005,33
2021A00056104006,35
2021A00056104009,231
2021A00056104014,352
2021A00056104038,665
2021A00056104044,73
2021A00056105001,1527
2021A00056105003,72
2021A00056105016,2420
2021A00056105018,153
2021A00056105020,123
2021A00056106023,18280
2021A00056204001,141
2021A00056204003,6292
2021A00056204005,253
2021A00056204007,279
2021A00056204009,315
2021A00056204010,196
2021A00056204011,211
2021A00056204012,391
2021A00056204015,267
2021A00056204018,244
2021A00056204019,3
2021A00056204020,366
2021A00056204022,127
2021A00056204025,405
2021A00056205014,360
2021A00056205015,625
2021A00056205016,118
2021A00056205017,2235
2021A00056205019,214
2021A00056205023,1496
2021A00056205027,241
2021A00056208047,295
2021A00056208059,356
2021A00056208073,967
2021A00056208081,414
2021A00056208087,265
