GEO_LEVEL,GEO_UID,GEO_NAME,S1_DIR_Jobs,S1_INDIR_Jobs,S1_INDCD_Jobs,S3_DIR_Jobs,S3_INDIR_Jobs,S3_INDCD_Jobs,S4_DIR_Jobs,S4_INDIR_Jobs,S4_INDCD_Jobs,S5_DIR_Jobs,S5_INDIR_Jobs,S5_INDCD_Jobs,S6_DIR_Jobs,S6_INDIR_Jobs,S6_INDCD_Jobs,S1_TOT_Jobs,S3_TOT_Jobs,S4_TOT_Jobs,S5_TOT_Jobs,S6_TOT_Jobs,CSD_COUNT,DENOM,S1_DIR_Pct,S1_INDIR_Pct,S1_INDCD_Pct,S3_DIR_Pct,S3_INDIR_Pct,S3_INDCD_Pct,S4_DIR_Pct,S4_INDIR_Pct,S4_INDCD_Pct,S5_DIR_Pct,S5_INDIR_Pct,S5_INDCD_Pct,S6_DIR_Pct,S6_INDIR_Pct,S6_INDCD_Pct,S1_TOT_Pct,S3_TOT_Pct,S4_TOT_Pct,S5_TOT_Pct,S6_TOT_Pct
Census metropolitan area,2021S0503535,Toronto,6499.443664042603,21746.036631967152,43453.66509976717,741.7484878170889,2182.565617416893,6811.572497945774,647.0290574974749,2153.788150385961,5212.9227449552145,88.68780258477878,345.63394282732827,1731.8816504396284,11250.731778360976,25355.479302165895,43615.29823771135,71699.14539577693,9735.886603179755,8013.73995283865,2166.2033958517354,80221.50931823823,24,2903480.0,0.224,0.749,1.497,0.026,0.075,0.235,0.022,0.074,0.18,0.003,0.012,0.06,0.387,0.873,1.502,2.469,0.335,0.276,0.075,2.763
Census metropolitan area,2021S0503462,Montréal,3559.6306511682856,14020.686208327677,22430.826146848085,485.34710507519947,1650.9020837875748,3662.2846872114296,816.2111483120336,1791.4641360912376,4683.276441074012,166.38509410812458,388.82785005139726,1376.7370463363854,1815.0424552849654,11572.418622243606,14186.652102395197,40011.14300634405,5798.533876074203,7290.9517254772845,1931.949990495907,27574.11317992377,93,2117370.0,0.168,0.662,1.059,0.023,0.078,0.173,0.039,0.085,0.221,0.008,0.018,0.065,0.086,0.547,0.67,1.89,0.274,0.344,0.091,1.302
Census metropolitan area,2021S0503933,Vancouver,2567.317853705292,9341.025986645962,14730.735801042723,328.08048144916444,1014.2684442954437,1761.2096333638997,233.3379994595232,627.9574574716555,1424.0069997319547,309.82153738995197,1017.0596805298874,2013.335258345951,112.13043999595179,703.4909433227912,3151.422544323536,26639.07964139398,3103.558559108508,2285.3024566631334,3340.2164762657903,3967.043927642279,38,1341570.0,0.191,0.696,1.098,0.024,0.076,0.131,0.017,0.047,0.106,0.023,0.076,0.15,0.008,0.052,0.235,1.986,0.231,0.17,0.249,0.296
Census metropolitan area,2021S0503825,Calgary,1265.845597167518,4993.754109568863,7379.901354904625,259.86446607589585,1063.5558440524053,1615.1323304894204,66.63365822924631,266.1918640610702,641.3093276839138,47.194776033320686,228.87773203852794,466.8916835698784,65.62096481453288,705.7534608935722,2629.631450758961,13639.501061641005,2938.552640617721,974.1348499742303,742.9641916417271,3401.005876467066,9,724205.0,0.175,0.69,1.019,0.036,0.147,0.223,0.009,0.037,0.089,0.007,0.032,0.064,0.009,0.097,0.363,1.883,0.406,0.135,0.103,0.47
Census metropolitan area,2021S0503505,Ottawa - Gatineau,1008.9112338377171,3774.347449774498,7110.433474954273,103.03621389230771,305.15030580902226,1097.492695481765,65.12394720881579,215.73377917561672,943.6336166134251,16.742676419569367,64.5367404125781,291.6402865130575,978.3433256677733,2289.4098960709207,6983.28472894098,11893.692158566488,1505.679215183095,1224.4913429978576,372.919703345205,10251.037950679674,25,723250.0,0.139,0.522,0.983,0.014,0.042,0.152,0.009,0.03,0.13,0.002,0.009,0.04,0.135,0.317,0.966,1.644,0.208,0.169,0.052,1.417
Census metropolitan area,2021S0503835,Edmonton,952.8489363627642,4362.307069295585,6135.338796010831,268.9764659804691,973.5342713404509,1359.7837536157224,71.53809860407276,313.4559331453846,512.1704279024424,49.18713036082088,173.24377443577376,392.6006599814635,57.878063989904355,452.86376485492286,2006.177128052999,11450.494801669181,2602.2944909366424,897.1644596518997,615.031564778058,2516.9189568978263,34,680310.0,0.14,0.641,0.902,0.04,0.143,0.2,0.011,0.046,0.075,0.007,0.025,0.058,0.009,0.067,0.295,1.683,0.383,0.132,0.09,0.37
Census metropolitan area,2021S0503421,Québec,695.4242718887483,2599.55506946704,4339.503297046573,105.65487737524657,319.1031815775648,704.4307554296568,130.6855738118072,359.2864125736625,912.2175527981944,41.84216723652207,92.31476422327061,266.53223778744257,359.2446921953246,1229.430133746532,2743.017197415656,7634.482638402362,1129.188814382468,1402.189539183664,400.68916924723527,4331.692023357512,30,424230.0,0.164,0.613,1.023,0.025,0.075,0.166,0.031,0.085,0.215,0.01,0.022,0.063,0.085,0.29,0.647,1.8,0.266,0.331,0.094,1.021
Census metropolitan area,2021S0503537,Hamilton,575.4353307969488,2200.9253354551092,4219.168033345761,93.1987705773365,366.5480874262396,653.5307606031546,272.8452756976022,573.3453628490204,507.3198331627375,8.998028863860386,32.85548246668235,162.76876392791888,1301.4472814458995,2467.851121064644,4321.1704658043745,6995.528699597819,1113.2776186067308,1353.51047170936,204.62227525846163,8090.468868314918,3,358350.0,0.161,0.614,1.177,0.026,0.102,0.182,0.076,0.16,0.142,0.003,0.009,0.045,0.363,0.689,1.206,1.952,0.311,0.378,0.057,2.258
Census metropolitan area,2021S0503602,Winnipeg,578.5516439668761,2402.7970712734223,3685.6628870827667,458.7026314142319,1253.3847273788906,1739.7144463368381,11.782819719768913,63.858736512543665,244.38107663297782,15.13173018876692,43.04450404462994,147.50088398586334,79.32092711363391,385.4980545492662,1437.7017537788554,6667.011602323066,3451.8018051299605,320.0226328652904,205.6771182192602,1902.5207354417555,13,409845.0,0.141,0.586,0.899,0.112,0.306,0.424,0.003,0.016,0.06,0.004,0.011,0.036,0.019,0.094,0.351,1.627,0.842,0.078,0.05,0.464
Census metropolitan area,2021S0503541,Kitchener - Cambridge - Waterloo,533.2055333968934,1907.3242372305904,3858.9603366726014,94.67180954326639,260.83566681357115,604.963887825907,126.24337307219876,300.67787168454123,465.5643477304354,8.834211930415771,34.00579250762743,154.92120521681773,1489.8807323266549,3813.6704146821303,3858.1669992101674,6299.490107300086,960.4713641827445,892.4855924871753,197.76120965486092,9161.718146218953,6,277975.0,0.192,0.686,1.388,0.034,0.094,0.218,0.045,0.108,0.167,0.003,0.012,0.056,0.536,1.372,1.388,2.266,0.346,0.321,0.071,3.296
Census metropolitan area,2021S0503555,London,444.4564655853649,1649.324631951693,3192.356718444332,98.25323384119272,306.9423936203773,493.2854041476894,37.79030891389972,119.0435160701723,384.79705170554365,5.814653924857186,22.011472955952577,123.3109090155877,1367.74640839192,1923.8706930225453,3268.9694464517606,5286.137815981389,898.4810316092594,541.6308766896157,151.13703589639746,6560.586547866227,8,242565.0,0.183,0.68,1.316,0.041,0.127,0.203,0.016,0.049,0.159,0.002,0.009,0.051,0.564,0.793,1.348,2.179,0.37,0.223,0.062,2.705
Census metropolitan area,2021S0503539,St. Catharines - Niagara,296.3690683536165,1354.4618655004545,2405.671194031979,79.28816669650121,445.3095847719917,369.1363426463811,66.73201075254043,233.9367541982685,289.6928906732965,4.724770808610131,15.834330503260087,90.26267127889247,559.5464570268331,1134.6912947407986,2501.96123512517,4056.5021278860504,893.7340941148741,590.3616556241054,110.82177259076269,4196.198986892801,10,176240.0,0.168,0.769,1.365,0.045,0.253,0.209,0.038,0.133,0.164,0.003,0.009,0.051,0.317,0.644,1.42,2.302,0.507,0.335,0.063,2.381
Census metropolitan area,2021S0503559,Windsor,337.81757014784176,1212.6451088669266,2479.5163628757373,102.67441032613193,715.6193121778305,391.65391037121793,35.77139189950228,108.37632372796458,301.05741645126494,6.416879984839256,17.53238410238898,100.73699107725628,2070.956637110511,3912.7032227297564,2456.1704671702573,4029.9790418905063,1209.9476328751803,445.2051320787318,124.6862551644845,8439.830327010524,8,171605.0,0.197,0.707,1.445,0.06,0.417,0.228,0.021,0.063,0.175,0.004,0.01,0.059,1.207,2.28,1.431,2.348,0.705,0.259,0.073,4.918
Census metropolitan area,2021S0503205,Halifax,356.5347748502832,1333.1750840526793,1750.9033810928793,101.68698949920655,220.3059976867023,543.1954954501846,2.4365725591379865,16.10293564610705,76.78254164323499,18.96471777070454,70.80384214502658,102.2352383522407,13.927610491277632,112.38775486261017,477.4179021511542,3440.613239995842,865.1884826360935,95.32204984848002,192.0037982679718,603.733267505042,7,227125.0,0.157,0.587,0.771,0.045,0.097,0.239,0.001,0.007,0.034,0.008,0.031,0.045,0.006,0.049,0.21,1.515,0.381,0.042,0.085,0.266
Census metropolitan area,2021S0503935,Victoria,285.0245504979676,1092.0942863805976,1758.2536479780654,28.138342373467747,71.31857063617623,204.73850598933694,8.668307155269474,29.88349564959257,169.43427753830073,22.5086719587803,60.87607023521698,244.71737969692856,7.713158279956266,61.04873328251644,356.5401128995528,3135.3724848566308,304.1954189989809,207.9860803431628,328.10212189092584,425.3020044620255,22,200055.0,0.142,0.546,0.879,0.014,0.036,0.102,0.004,0.015,0.085,0.011,0.03,0.122,0.004,0.031,0.178,1.567,0.152,0.104,0.164,0.213
Census metropolitan area,2021S0503532,Oshawa,174.07661688643066,863.2864954165575,1657.2639823650418,30.69337258798537,108.68757710177405,256.5393121323442,100.10093795715673,71.80297330082868,200.588566382733,2.9330598986694922,10.306006332579935,64.36687717471212,408.29643023631223,2339.4175375848695,1690.872332734223,2694.6270946680297,395.9202618221036,372.49247764071845,77.60594340596154,4438.586300555405,3,187355.0,0.093,0.461,0.885,0.016,0.058,0.137,0.053,0.038,0.107,0.002,0.006,0.034,0.218,1.249,0.902,1.438,0.211,0.199,0.041,2.369
Census metropolitan area,2021S0503725,Saskatoon,222.05854635041212,1155.431324238258,1232.0517321845596,134.1649255422969,403.96042717869483,617.5193831283135,6.351209153858522,26.890398082707915,78.28345177437639,3.9563134940077607,13.676311939004922,46.97131575243461,13.04457655335432,108.42797768075738,395.70583750418604,2609.5416027732304,1155.644735849305,111.52505901094283,64.6039411854473,517.1783917382977,25,158130.0,0.14,0.731,0.779,0.085,0.255,0.391,0.004,0.017,0.05,0.003,0.009,0.03,0.008,0.069,0.25,1.65,0.731,0.071,0.041,0.327
Census metropolitan area,2021S0503550,Guelph,208.91006937500813,614.7167319664954,1327.2130141105495,43.51791135161412,120.23676408787246,210.82331790095924,17.331943630978397,65.31783370581557,161.25351875441362,3.333352767363242,18.98593507821941,54.876356925124696,1829.9146370838284,1935.8026505318212,1300.1885004559301,2150.8398154520532,374.5779933404458,243.9032960912076,77.19564477070735,5065.905788071579,3,82460.0,0.253,0.745,1.61,0.053,0.146,0.256,0.021,0.079,0.196,0.004,0.023,0.067,2.219,2.348,1.577,2.608,0.454,0.296,0.094,6.143
Census metropolitan area,2021S0503705,Regina,171.00634603098874,847.736643600073,981.8520893818122,129.5772559076908,321.5395156581576,490.47007896866694,7.110178255816865,29.59486996648611,63.03988751765658,2.7471707196411663,15.981219169381752,37.2670636049719,8.71295403929502,84.31710046580562,322.4323303014051,2000.5950790128738,941.5868505345153,99.74493573995956,55.99545349399483,415.4623848065058,19,121445.0,0.141,0.698,0.808,0.107,0.265,0.404,0.006,0.024,0.052,0.002,0.013,0.031,0.007,0.069,0.265,1.647,0.775,0.082,0.046,0.342
Census metropolitan area,2021S0503915,Kelowna,180.3319663855045,705.7345413476556,1106.495280004855,30.925698620226786,157.31673153188854,130.95202667769325,10.96537216438338,23.118165106993263,106.69905046203347,27.314044853042006,92.64907508093269,151.90146016568505,6.089763624505555,38.77392723299428,236.62288632966138,1992.5617877380153,319.1944568298086,140.7825877334101,271.86458009965975,281.48657718716123,9,109890.0,0.164,0.642,1.007,0.028,0.143,0.119,0.01,0.021,0.097,0.025,0.084,0.138,0.006,0.035,0.215,1.813,0.29,0.128,0.247,0.256
Census metropolitan area,2021S0503433,Sherbrooke,167.49706776048106,617.7090870590476,1060.7617049241278,31.269685857322507,76.75724780685957,172.73564500428918,56.230258933512005,155.96919360708242,221.13404470829494,11.91325343868273,29.893060571801232,64.97257306520379,155.62481664194914,308.8931306095301,674.442165569941,1845.9678597436564,280.76257866847124,433.33349724888933,106.77888707568775,1138.9601128214204,11,109150.0,0.153,0.566,0.972,0.029,0.07,0.158,0.052,0.143,0.203,0.011,0.027,0.06,0.143,0.283,0.618,1.691,0.257,0.397,0.098,1.043
Census metropolitan area,2021S0503932,Abbotsford - Mission,192.53287469441838,611.5396460307936,970.145721448728,75.89546277187083,258.9187636270317,118.2221178583154,9.818316283366048,22.401937275021456,94.2249976489113,24.33455295397124,81.83341541745557,129.8581029039026,10.874689102497682,40.091947094258174,222.96248829627592,1774.21824217394,453.03634425721793,126.4452512072988,236.02607127532937,273.9291244930318,5,94965.0,0.203,0.644,1.022,0.08,0.273,0.124,0.01,0.024,0.099,0.026,0.086,0.137,0.011,0.042,0.235,1.868,0.477,0.133,0.249,0.288
Census metropolitan area,2021S0503568,Barrie,139.93673305701975,562.5070569462739,1061.4377168822607,20.329853760413016,47.10508996845867,163.03743608695387,11.809277966242963,31.61760061552029,127.34125253839234,2.5167587475000635,13.125103633103254,40.05737708643825,272.47840837868415,471.5025710342947,1101.280337022012,1763.8815068855545,230.47237981582555,170.76813112015557,55.699239467041565,1845.2613164349907,3,101545.0,0.138,0.554,1.045,0.02,0.046,0.161,0.012,0.031,0.125,0.002,0.013,0.039,0.268,0.464,1.085,1.737,0.227,0.168,0.055,1.817
Census metropolitan area,2021S0503521,Kingston,98.72099543527179,546.9880821646557,1006.2258661144414,14.155035351952485,40.78665562606878,153.2813401589579,8.13515716583027,29.796664053713936,120.696969287353,1.2824408653917272,6.07829000349528,37.75222926672036,91.08698190878813,360.8276648780757,1049.1553784638643,1651.934943714369,208.2230311369792,158.6287905068972,45.112960135607366,1501.0700252507281,4,76230.0,0.13,0.718,1.32,0.019,0.054,0.201,0.011,0.039,0.158,0.002,0.008,0.05,0.119,0.473,1.376,2.167,0.273,0.208,0.059,1.969
Census metropolitan area,2021S0503580,Greater Sudbury / Grand Sudbury,116.80785654147707,510.24383719254496,977.7686450845068,12.608696549344764,38.175515348255665,149.9975286672903,15.417774997865196,58.78787894173355,117.22240429545718,2.565237546100524,9.575163690580114,36.595470773021106,125.27888910352881,487.5283255978537,1018.9563733029829,1604.8203388185289,200.78174056489075,191.42805823505594,48.735872009701744,1631.7635880043656,5,77185.0,0.151,0.661,1.267,0.016,0.049,0.194,0.02,0.076,0.152,0.003,0.012,0.047,0.162,0.632,1.32,2.079,0.26,0.248,0.063,2.114
Census metropolitan area,2021S0503001,St. John's,134.71321403008585,651.8737777823225,670.8893412189146,47.6546031030403,162.31269670073945,197.7805592998606,1.802971385743866,10.456678923822642,34.38975844146926,1.1966421588994793,13.911930403376562,21.73822716161128,3.0535725064385155,32.56067340461889,172.48563006887946,1457.476333031323,407.74785910364034,46.64940875103577,36.84679972388732,208.09987597993688,14,100790.0,0.134,0.647,0.666,0.047,0.161,0.196,0.002,0.01,0.034,0.001,0.014,0.022,0.003,0.032,0.171,1.446,0.405,0.046,0.037,0.206
Census metropolitan area,2021S0503595,Thunder Bay,83.47969491434864,474.89476125946976,870.2307768038681,12.151710008171388,36.71422919079088,132.93305602048196,6.912019629696504,25.871824902845773,104.29868049429432,18.563113961888916,43.84719958755308,32.67157502660558,52.465901574143444,237.14426035103187,905.8959935221452,1428.6052329776865,181.7989952194442,137.08252502683658,95.08188857604758,1195.5061554473205,8,53895.0,0.155,0.881,1.615,0.023,0.068,0.247,0.013,0.048,0.194,0.034,0.081,0.061,0.097,0.44,1.681,2.651,0.337,0.254,0.176,2.218
Census metropolitan area,2021S0503543,Brantford,118.39858513401825,437.8481571302781,834.8506708128689,35.65042407269347,145.24428444996957,130.49600751778024,18.991586148735443,37.02315627314844,100.48094486082661,2.1611979069562812,7.813875553314527,33.15564163390396,253.51333716794528,438.79508261084953,841.0614607726606,1391.0974130771651,311.3907160404433,156.4956872827105,43.13071509417476,1533.3698805514553,3,64980.0,0.182,0.674,1.285,0.055,0.224,0.201,0.029,0.057,0.155,0.003,0.012,0.051,0.39,0.675,1.294,2.141,0.479,0.241,0.066,2.36
Census metropolitan area,2021S0503442,Trois-Rivières,117.03412615411034,440.5036288457626,741.5835013827054,24.268840119666873,67.7875162515695,119.88824837681054,70.90799453734668,225.09404376299113,156.4647543577629,7.079862024346289,13.087463718428895,45.385128555170475,112.62158783545028,170.7689568573434,471.9263104203699,1299.1212563825784,211.94460474804688,452.4667926581007,65.55245429794566,755.3168551131636,7,73530.0,0.159,0.599,1.009,0.033,0.092,0.163,0.096,0.306,0.213,0.01,0.018,0.062,0.153,0.232,0.642,1.767,0.288,0.615,0.089,1.027
Census metropolitan area,2021S0503305,Moncton,126.75419478423431,534.6158042390956,637.2011508685825,30.669202578816474,76.57044404008325,185.13888724388835,1.8183055969640107,8.932041473764766,39.168222264434924,12.999694815758415,27.70836657988347,74.6823411534056,9.06087325706513,45.37701245736198,191.61209551742465,1298.5711498919125,292.37853386278806,49.9185693351637,115.39040254904748,246.04998123185175,15,77515.0,0.164,0.69,0.822,0.04,0.099,0.239,0.002,0.012,0.051,0.017,0.036,0.096,0.012,0.059,0.247,1.675,0.377,0.064,0.149,0.317
Census metropolitan area,2021S0503810,Lethbridge,99.91531156225791,445.64013517508545,661.4345848528637,154.39917693029727,310.57262962643773,144.00266928056402,3.6605292752273564,10.527372342850692,57.078703418222666,3.2479669078908318,9.2267732328111,42.95463223239096,4.506315549346898,32.78428504023262,226.3709853281201,1206.990031590207,608.9744758372991,71.26660503630072,55.42937237309289,263.6615859176996,7,58240.0,0.172,0.765,1.136,0.265,0.533,0.247,0.006,0.018,0.098,0.006,0.016,0.074,0.008,0.056,0.389,2.072,1.046,0.122,0.095,0.453
Census metropolitan area,2021S0503408,Saguenay,99.24550157588334,406.3145973578044,687.9447686838147,19.627615028629467,49.676854066504816,112.01108015344941,193.3012705256485,710.7289230462874,143.75523367751356,29.30634860604733,42.4382410949973,42.0832170213669,67.71771582058045,180.08564573365604,437.88851299943013,1193.5048676175024,181.3155492485837,1047.7854272494496,113.82780672241154,685.6918745536666,10,75460.0,0.132,0.538,0.912,0.026,0.066,0.148,0.256,0.942,0.191,0.039,0.056,0.056,0.09,0.239,0.58,1.582,0.24,1.389,0.151,0.909
Census metropolitan area,2021S0503529,Peterborough,88.39343081277798,383.1254477411969,720.4010613623382,13.550173528918737,41.67664944526885,109.87205396516421,6.359401596117635,24.481454731029874,86.4848223724089,1.9124342194584678,10.54160910232944,26.769539521196126,121.73243638853369,266.96013654862054,754.3267120336643,1191.919939916313,165.09887693935178,117.3256786995564,39.22358284298404,1143.0192849708185,7,53900.0,0.164,0.711,1.337,0.025,0.077,0.204,0.012,0.045,0.16,0.004,0.02,0.05,0.226,0.495,1.399,2.211,0.306,0.218,0.073,2.121
Census metropolitan area,2021S0503522,Belleville - Quinte West,98.54855467897877,361.17714594874076,700.7176841963922,17.76986861369535,50.11359755377801,108.57105658390026,7.861450215487602,23.270625855534593,84.47465883553664,1.3702728278080643,4.665200614526733,27.345744814833612,407.44610046939385,502.9981320879551,713.9062574664528,1160.4433848241115,176.45452275137362,115.60673490655884,33.38121825716841,1624.350490023802,4,46655.0,0.211,0.774,1.502,0.038,0.107,0.233,0.017,0.05,0.181,0.003,0.01,0.059,0.873,1.078,1.53,2.487,0.378,0.248,0.072,3.482
Census metropolitan area,2021S0503447,Drummondville,115.11123638265194,337.50676865592794,604.8443440991462,41.47558494356235,95.30862424641307,100.61483159436659,37.84395117528283,55.29556632499479,121.02917405727041,6.03468190313925,14.950562539321655,37.206703777582355,209.9029487699086,342.2511065985561,382.7103560707188,1057.462349137726,237.399040784342,214.16869155754804,58.19194822004326,934.8644114391835,12,49100.0,0.234,0.687,1.232,0.084,0.194,0.205,0.077,0.113,0.246,0.012,0.03,0.076,0.428,0.697,0.779,2.154,0.484,0.436,0.119,1.904
Census metropolitan area,2021S0503925,Kamloops,73.32782699077661,328.81915061250425,505.2647616503345,10.813243761395109,20.42944554818694,58.41581273055921,2.6431816742014815,12.126360224062308,48.68861901353166,36.1983607919448,45.25343132636452,70.54326373363291,3.1169269646400375,24.060056656332996,102.01670620382505,907.4117392536152,89.65850204014127,63.458160911795446,151.99505585194223,129.1936898247981,9,54150.0,0.135,0.607,0.933,0.02,0.038,0.108,0.005,0.022,0.09,0.067,0.084,0.13,0.006,0.044,0.188,1.676,0.166,0.117,0.281,0.239
Census metropolitan area,2021S0503310,Saint John,96.70286667910136,338.1097278094022,442.8459795758338,19.1222999399729,47.70803673616842,129.46972538260218,1.4100230965188432,7.228343725888262,26.512876458821353,40.184850437666796,44.79693058020894,52.51707866925799,5.400019087280693,33.854804230345174,132.55408158005574,877.6585740643374,196.3000620587435,35.15124328122846,137.49885968713374,171.8089048976816,18,60165.0,0.161,0.562,0.736,0.032,0.079,0.215,0.002,0.012,0.044,0.067,0.074,0.087,0.009,0.056,0.22,1.459,0.326,0.058,0.229,0.286
Census metropolitan area,2021S0503930,Chilliwack,93.89341671891042,286.50807963382914,470.2805410750998,33.42508634587727,103.13792193238862,56.68128848962281,5.333131811107716,10.339573534704062,45.697846005709614,19.609439908019922,52.42190619176221,63.47944096205605,3.7640052022352535,16.10192000398111,105.5259288974555,850.6820374278393,193.2442967678887,61.37055135152139,135.5107870618382,125.39185410367188,22,51345.0,0.183,0.558,0.916,0.065,0.201,0.11,0.01,0.02,0.089,0.038,0.102,0.124,0.007,0.031,0.206,1.657,0.376,0.12,0.264,0.244
Census metropolitan area,2021S0503938,Nanaimo,69.30172611901027,293.1554288379689,460.4505363643491,11.672777214930269,30.541824013502545,53.13971714994027,3.186771991801062,8.37583119624984,44.30802519877264,71.97734329785344,40.70584698470694,64.43315810660836,1.9370639824309686,14.32229316892105,92.11299025575047,822.9076913213282,95.35431837837308,55.87062838682354,177.11634838916873,108.3723474071025,7,52855.0,0.131,0.555,0.871,0.022,0.058,0.101,0.006,0.016,0.084,0.136,0.077,0.122,0.004,0.027,0.174,1.557,0.18,0.106,0.335,0.205
Census metropolitan area,2021S0503830,Red Deer,59.47101113457778,301.3687238305825,438.92751255638126,17.31344259184542,117.14728143650154,96.8137682079496,3.0378739444752867,9.429521825271852,37.17719471335077,2.8906208906773294,7.567167045378957,28.07519538064789,2.6652282531041145,28.80319922897523,145.48999675995566,799.7672475215415,231.27449223629657,49.644590483097915,38.532983316704176,176.958424242035,1,46830.0,0.127,0.644,0.937,0.037,0.25,0.207,0.006,0.02,0.079,0.006,0.016,0.06,0.006,0.062,0.311,1.708,0.494,0.106,0.082,0.378
Census metropolitan area,2021S0503320,Fredericton,65.20897594341128,307.0757044927676,363.4632624951637,14.592693674382048,35.98990801117784,108.07610166187732,0.537526612185311,3.6003754286444,19.840839989215745,14.043894123394862,47.56250769595316,45.23394647224598,5.163824506006395,17.75596119468925,98.62671506786323,735.7479429313427,158.65870334743718,23.978742030045456,106.840348291594,121.54650076855887,18,54220.0,0.12,0.566,0.67,0.027,0.066,0.199,0.001,0.007,0.037,0.026,0.088,0.083,0.01,0.033,0.182,1.357,0.293,0.044,0.197,0.224
