CMADGUID,CHAR_POP21,GEO_NAME,CMATYPE,GEO_LEVEL,Alcohol_1,Alcohol_2,Alcohol_3,Alum_1,Alum_2,Alum_3,Auto_1,Auto_2,Auto_3,CUSMA_1,CUSMA_2,CUSMA_3,Cop_1,Cop_2,Cop_3,Dairy_1,Dairy_2,Dairy_3,Ene_1,Ene_2,Ene_3,LumNew_1,LumNew_2,LumNew_3,LumOld_1,LumOld_2,LumOld_3,MHDV_1,MHDV_2,MHDV_3,Motor_1,Motor_2,Motor_3,S338_Exc_1,S338_Exc_2,S338_Exc_3,S338_Tar_1,S338_Tar_2,S338_Tar_3,S338_Tot_1,S338_Tot_2,S338_Tot_3,ScenAfter_1,ScenAfter_2,ScenAfter_3,ScenBefore_1,ScenBefore_2,ScenBefore_3,Steel_1,Steel_2,Steel_3,Total_1,Total_2,Total_3,geometry
2021S0503001,212579.0,St. John's,B,Census metropolitan area,0.4101494666666667,0.24981557083333336,0.06566953225806452,0.5690737235294117,0.6917742161904762,0.22920728114035085,0.5103242285714286,0.20822001219512198,0.15678287006802724,2.111118459322034,7.70806469139785,2.6310581538377193,0.26121405000000003,0.08627167499999999,0.024159708333333335,0.42909639999999993,0.08290513684210526,0.05306955192307693,0.60127398,0.16071685,0.24766134758064515,0.6146770149999999,1.45653946939314,0.4374766466216216,0.4841313375,0.4789150088235294,0.11414374181818181,0.5524862,0.1117943,0.024090709523809525,1.4246405886075948,1.673030712295974,1.487350781126952,0.31743025,0.030450970000000004,0.0482661612244898,1.4246405886075948,1.673030712295974,1.487350781126952,1.4246405886075948,1.673030712295974,1.487350781126952,2.111118459322034,7.70806469139785,2.6310581538377193,2.111118459322034,7.512447380492611,2.6254329462298682,0.7445149357142857,0.8244443063157896,0.22010700917431195,2.111118459322034,7.70806469139785,2.6310581538377193,POINT (-52.85920275757555 47.499104707584685)
2021S0503205,465703.0,Halifax,B,Census metropolitan area,0.813390952,0.37841842657342656,0.23818476862745097,1.2734924966666668,3.2848596674652613,1.2524533819863013,0.6093182685714287,1.6892282214689265,0.5389742321044547,6.0635221962871295,6.134121830730871,4.681607611368246,0.71856534,0.46520086477272726,0.06167757122302159,0.4740845105263158,0.07615921290322582,0.15136194854651164,0.7540268153846152,2.5458065279310342,0.6932323454666667,1.1536407045454544,1.4729324760233917,2.23307751672975,0.903919685,2.0325514375,1.1870931366576818,,,0.026189399999999998,4.662577410491803,4.071051357267759,3.434027430054784,0.36388195,0.3326635440993789,0.13633986543209875,4.674063568078175,4.0755753436927105,3.455087528008089,4.674063568078175,4.0755753436927105,3.455087528008089,6.210001606413302,6.692826674886223,5.024624121997802,6.164088439371981,6.181842770382313,4.728352871862057,0.9661781614035087,1.7028451797872342,0.7131524807285546,6.210001606413302,6.692826674886223,5.024624121997802,POINT (-63.27966987772783 44.92185549585242)
2021S0503305,157717.0,Moncton,B,Census metropolitan area,0.39727636,0.69448108,0.2599561267080745,1.1628772837837837,2.5685434157894735,0.9162502168571429,0.6637292733333333,0.8471951750788643,0.5317485513227513,5.366186352046784,7.667143400860155,6.048377219594594,0.41006754,0.45089357119999995,0.17770182434782608,0.9475310307692306,2.036022044677138,0.49738700783783785,0.7205808684210527,2.704456137853107,0.5119108529850747,1.4729277952380952,3.0375291613173654,0.8883592259911895,0.5070378875,2.2371389984615386,0.478654540116279,0.49286715000000003,1.0645702105263157,0.10743770370370369,4.135383426495727,7.994007557009991,3.7391536251859723,0.3973446777777778,4.517997267571645,0.5648789775700934,4.188060566129033,7.970059434289483,3.828179553253425,4.188060566129033,7.970059434289483,3.8734582492481207,6.062325828795812,9.286938555545328,6.745000067048422,5.893413865591398,8.706872884404635,6.265466053917951,1.5259808470588236,2.5098466468613143,0.8317697081699346,6.062325828795812,9.286938555545328,6.745000067048422,POINT (-64.85802546778179 46.01406133616815)
2021S0503310,130613.0,Saint John,B,Census metropolitan area,0.9683346500000001,5.982110614497041,0.6573517303523035,1.0659267235294116,2.7440467102756894,1.133745273155416,0.9016036999999999,3.344821215686274,0.6248725712460064,10.848149241911765,6.243074882342718,7.4734777357406035,2.3809524,1.5184382,0.14306953529411764,0.9964760833333334,2.8118100518518516,0.389140903255814,1.9867341555555553,8.267003593454545,1.8882564499999996,2.5620512722222224,3.527040112806236,1.6616273628571427,1.7934017125,1.4191227575384615,0.8421123359605912,0.5347594,0.44444439999999996,0.08981947272727274,10.515033336,8.10587145045045,6.384843848330804,0.987115725,5.544842603794038,0.7214983635555555,10.589803913207547,9.204765529809604,6.5998351056751465,10.589803913207547,9.204765529809604,6.696780603443295,10.772117071830987,9.334060909144466,8.883013985923077,10.772117071830987,9.166756288330541,8.246034973947811,1.2511974461538462,8.082383898754152,2.2415276335684062,10.772117071830987,9.334060909144466,8.883013985923077,POINT (-66.01110807493602 45.40418148136663)
2021S0503320,108610.0,Fredericton,B,Census metropolitan area,1.2463773500000002,0.6831074093959731,0.45545807628865986,1.3899973769230771,2.0184349394444445,0.8229524548717948,0.6884829555555556,2.6297909965116277,0.4082953685863875,6.504885219841269,16.186145768866226,5.743191241342171,,,0.045977000000000004,0.8594486071428572,0.6653511809210526,0.35944039784946236,0.97662447,2.145759490217391,0.4377697668161435,2.5550317409090906,34.44016115802708,1.3384395389961392,2.3556341444444446,2.0420521754385965,1.1369628018264841,0.13888889999999998,0.2105801,0.1479021425,4.363012404109589,3.9787115132835824,3.115538257781202,1.2424862700000001,0.6805915668831168,0.31983781298701297,4.377565688888889,3.6187484418518516,3.333715265894737,4.377565688888889,3.6187484418518516,3.333715265894737,6.6470123113636355,15.99211578385161,5.994259252590572,6.6470123113636355,16.268405508959535,5.5761303968240705,1.6517146066666666,2.5512304053435115,0.7014236565916399,6.6470123113636355,15.99211578385161,5.994259252590572,POINT (-66.78026641136638 46.01320819758647)
2021S0503408,161567.0,Saguenay,B,Census metropolitan area,1.1789904047619049,17.230561807597173,1.2332287841145833,3.0588213012658225,13.07768307579714,5.365267565077414,1.1114828647058823,1.5622950501754387,0.8570721761814745,11.172548479341318,12.876340678035678,10.795877508482143,0.99691043,0.5722516927272727,0.23878765028901733,1.208926661904762,1.0779467094240838,0.6000946223926381,2.3116069775510204,17.515243039624508,3.934275724683544,3.037873336170213,9.58157134085006,1.6615244509861933,1.4513862642857143,13.268635645306123,1.0572256608557844,0.22228250000000002,0.09934055000000001,0.11128861739130434,6.878337126600986,17.373684368835914,9.21159808263166,1.3310863071428571,13.793095921958457,1.0550494229931973,7.127079506635072,17.163310144563734,9.47895926443693,7.127079506635072,17.163310144563734,9.47895926443693,11.92611027821229,19.398482740286273,13.54040367890798,11.72794525960452,19.102731720835624,12.997636145364238,2.7722164907407407,4.969897968377021,2.633127514001022,11.92611027821229,19.398482740286273,13.54040367890798,POINT (-71.00741748868015 48.41901176842831)
2021S0503421,839311.0,Québec,B,Census metropolitan area,0.7927459337662338,3.0303032474499676,0.5905047898352752,3.1653962090062113,5.1994798805403475,2.4312556410391126,1.508143409448819,3.594611793901396,1.3388942294045534,9.66367761979781,12.37502327879116,7.925276266446611,0.8110640676470589,2.515830578712221,0.22453843516090582,0.7379573060975609,3.0302381588724585,0.3677972888392857,1.922802394117647,3.9145720272276163,1.3289954110831688,1.2639859260869566,2.581464785309973,0.670062663804143,0.7357771,3.382030211171367,0.3133963413246269,0.5531974315789474,4.841642319074333,0.29472351404293384,6.20968704957265,10.459993617977172,5.2846834415715636,0.7582328421052631,2.953727019842932,0.5368772347574544,6.309178124346793,10.385698368545565,5.471087287839833,6.309178124346793,10.385698368545565,5.4932204572449645,10.281190880472442,13.840346591282307,8.876639234506321,10.09160355632,12.750550752188108,8.478879980509715,2.7518510737254904,5.222949624594555,2.0076683283664862,10.281190880472442,13.840346591282307,8.876639234506321,POINT (-71.341614712132 46.911907173185774)
2021S0503433,227398.0,Sherbrooke,B,Census metropolitan area,1.1134528696969697,0.6602445696969698,0.9365735692946058,3.8785651560606067,7.6234556366381945,3.9865948319550557,1.757947190740741,5.265084932441942,1.9967705226126127,14.123678415922331,12.36999405576351,12.027516807708617,0.8621036833333333,0.6463847859504132,0.1900741703883495,1.0487677533333333,0.5213952647058824,0.3572461175853019,1.8692509979591838,2.296696106666667,1.2795127466572835,1.4546554113636363,2.297435521226994,1.6106748842737095,0.8052749,0.9733466213017752,0.5730640370307167,0.61090859,1.9087214963541668,0.3960451252232143,7.13642297781155,10.447842037373738,8.13393553683164,0.8978264899999999,0.6651937612648221,0.5246143847560976,7.163073150301205,10.427437255641241,8.43302473984658,7.163073150301205,10.427437255641241,8.43302473984658,14.41849851914498,14.309031237786302,13.270614271073871,14.28478550857143,12.850168730069756,12.164157831162408,3.5193757931623937,7.415493660194765,3.5589982135421923,14.41849851914498,14.309031237786302,13.270614271073871,POINT (-71.94557458553157 45.389661531459694)
2021S0503442,161489.0,Trois-Rivières,B,Census metropolitan area,1.215199375,3.116449240858209,1.9080177978030304,2.7819414365079367,12.154553153293687,4.220205183553267,1.084482488,2.5164468675,1.8146359344221108,14.214036285626912,9.082119240915148,12.178267389963015,0.6524483625,0.851747890990991,0.22926781710526314,1.0830227666666667,0.772284935741445,0.677959897094431,2.5209511789473686,14.9811010870229,2.5875046616710184,1.2060106291666666,6.927478232161686,1.2476278979706876,0.8052024307692309,8.049017314318181,0.9636186369627507,0.6535948,0.2084781,0.23915614939759036,6.737909513793102,11.587293933464233,8.30371726978242,0.7902495461538461,3.0402622258481418,1.0987188323178807,6.836258240540539,11.277813408745711,9.106749994609078,6.836258240540539,11.277813408745711,9.106749994609078,14.901760086167146,14.102964753258812,14.009373533028791,14.630647519705883,13.710929082976811,13.312279881509562,2.316921426315789,8.3067840745,2.945459206980057,14.901760086167146,14.102964753258812,14.009373533028791,POINT (-72.50232408383768 46.36024679625333)
2021S0503447,101610.0,Drummondville,B,Census metropolitan area,1.3914979304347825,3.0016131364326375,1.437280744598338,4.895762871287128,10.453687078448786,6.128040203018625,2.407712606976744,9.712568267219556,4.461853961133245,18.723736575949363,20.797946965157973,18.231521943623413,0.8602300083333334,1.0607251224358973,0.36583025599999996,1.4382197916666666,3.1826628880952383,0.540272251004016,1.4062252366666668,3.7535023619967793,1.3619390089686099,1.583584814814815,3.969725410181818,1.223295937296417,1.0165893533333332,4.953881722254335,0.7912008430348259,0.5747930166666667,4.9777905102631586,0.8478493956730769,8.991467743255814,14.289889689479452,11.515079098443445,1.8225535857142854,5.321352816761688,1.5189199712062256,9.246473779090909,14.596704661897917,11.925565667033885,9.246473779090909,14.596704661897917,11.925565667033885,19.1946495502451,21.31572332449078,19.09047871645045,18.9418967641604,19.069583654252842,17.456806783726663,3.3065106450704227,5.7379352872516565,3.8656576184935068,19.1946495502451,21.31572332449078,19.09047871645045,POINT (-72.46163492900226 45.866795360154065)
2021S0503462,4291732.0,Montréal,B,Census metropolitan area,0.8014483964705882,4.337708336641813,0.8003871511287153,2.9593404701525055,6.946204036625122,3.2554027829030705,1.2730017800648297,3.3205076145075583,1.5196405518348763,7.778981261124651,11.663721982589275,9.468978659549569,0.657179511764706,1.5885849537295331,0.262456362812918,0.7220547849693252,4.454793205809711,0.5175107253140185,1.529275106025825,3.348706341223339,1.2333929017828322,1.1853547222903886,3.3586877972894227,0.7608156579770307,0.6567187114457832,1.860481229936306,0.2871092830713679,0.5076692329113924,3.8798169060144128,0.2877978687759541,5.642362024262929,9.383892242349692,6.317238207069456,0.7567531479087453,4.77147987372435,0.7607239332901155,5.769014062028302,9.592569746478107,6.557707784272751,5.775826130600707,9.675419899941566,6.584019314336323,8.361059803885246,13.028960499623837,10.279030829996131,7.959131872395036,11.341340154901141,9.491342564524183,2.4265757839939024,5.036473829992063,2.2222786696541506,8.361059803885246,13.028960499623837,10.279030829996131,POINT (-73.70466684841276 45.57677562038447)
2021S0503505,1488307.0,Ottawa - Gatineau,B,Census metropolitan area,0.6492302135135135,1.3043967658301157,0.3528759572382144,1.7337341897106107,4.47822245682776,1.3964069696855983,0.9998074171717173,5.3183067373420005,0.7007195372874326,5.43661094048474,6.795007346265606,4.509479074059022,0.37987625416666665,0.5551799728125,0.0968424901459854,0.5136624229508198,1.2682065535714284,0.2474714492182189,0.8169816685714285,3.0161364095724315,0.6034991086818182,1.164966078504673,2.4951202981598986,0.7053661335015137,0.7490154513513514,2.1880057589018302,0.5231639077963406,0.2858437,1.390082131640625,0.06821697039473683,3.398649952692868,5.482283139113984,3.0102230962657486,0.5724938931034482,3.2890932833754416,0.38105151460849235,3.4880219656467313,5.564995013841039,3.1194208337525104,3.4880219656467313,5.564995013841039,3.1194208337525104,5.6757058214592275,7.0777926306478705,4.812622353083937,5.553008848063381,6.472754817888826,4.506123056612131,1.1470076905405406,5.384474359238965,0.7402722723832379,5.6757058214592275,7.0777926306478705,4.812622353083937,POINT (-75.78909124420103 45.45038334666055)
2021S0503521,172546.0,Kingston,B,Census metropolitan area,0.5896242769230768,0.7748566076923076,0.42530110569620244,1.1703112289473685,3.552078770436331,1.5447443330721005,0.6686193882352942,4.135298630393995,0.8678231370702542,5.372111469832403,7.837512907334411,5.100394704696478,,,0.05227015714285714,0.6399740416666666,0.5069319703448276,0.294283437394958,0.6879976631578948,2.232809634380454,0.7875032407692307,0.5590474166666667,0.541798543292683,0.3134572244813278,0.2866447666666666,0.28354361363636366,0.15854908157894734,0.18214940000000002,0.22503520000000002,0.06340299302325582,2.9677231547169813,5.078427569327308,3.553776420218003,0.5674750000000001,5.475682585462555,0.3356795716363636,3.00914158,4.286631587382199,3.5093223261351447,3.0685594054054053,5.08945525220981,3.6819789862186014,5.656199921989529,8.123826737016742,5.3704626809445095,5.630988241489362,7.771190061241065,4.963006480780932,1.1406190862068966,3.731945410594315,1.0941549366150443,5.656199921989529,8.123826737016742,5.3704626809445095,POINT (-76.53945986882196 44.394385890056526)
2021S0503522,111184.0,Belleville - Quinte West,B,Census metropolitan area,1.01937919375,4.569015805597964,2.3099686783303732,2.2157387852941177,5.145884391105464,1.596845744292804,1.9862516300000002,12.953573474327628,2.07837844,10.594679752150537,23.70971179535891,10.63117165222263,1.8572357833333335,11.14302831019737,1.0680195880841121,0.97171843125,4.4493256465793305,1.3125095197767145,0.90820260625,3.065897887601078,0.793325951243781,1.2009488454545454,2.3605115393939395,0.7081609829545454,0.67409145,0.8224386927710843,0.4394777376884422,,,0.06521505714285715,6.174043183636363,14.25738054023956,7.129151260434423,0.8217732181818183,7.25425866158781,2.3244940649029986,6.598830461538461,16.53952051282125,7.589707974154402,6.598830461538461,16.53952051282125,7.845930687437562,10.734781732291667,24.063495229343783,11.162726398163693,10.635722092146596,20.909002689201877,9.65778099330105,2.3919023290322583,6.0150416483675935,1.580372382914573,10.734781732291667,24.063495229343783,11.162726398163693,POINT (-77.45563168388006 44.2595069148962)
2021S0503529,128624.0,Peterborough,B,Census metropolitan area,1.0576359368421053,1.6044570676712329,0.9920367441117764,2.222778597872341,13.52867453584432,2.958264843329398,1.2163307142857143,12.956355942711864,1.8889202789425705,7.425704148863637,8.053126776029963,7.957109163983535,0.4160715666666666,2.646736125614035,0.4550690831460674,0.8495509714285714,0.34662049074074075,0.4491037102040817,0.72530032,3.2566323787148597,1.0837944395730705,1.1080268142857144,1.5526472077151334,0.8775981770526315,0.6727786285714286,1.2356697716101697,0.48792882145593863,0.3647302333333333,5.611226140350876,0.3911477836909871,3.637072604255319,4.8015313892358265,4.3654233343455955,0.5582477777777778,0.45431899753086424,0.3464204638709677,3.833109736734694,4.8669891146043165,4.691361357769869,3.833109736734694,4.8669891146043165,4.691361357769869,7.826398597814207,13.350195636944614,8.894733605128721,7.722936102762431,13.104063369634186,8.27684771347082,1.5257984843749999,9.66234461764706,2.185430294509804,7.826398597814207,13.350195636944614,8.894733605128721,POINT (-78.26660667183613 44.34316261972336)
2021S0503532,415311.0,Oshawa,B,Census metropolitan area,1.4234584826086958,2.327150939728353,0.5847780923144104,1.8920626204545452,5.562865942900965,2.6451186007240994,1.2284761394736843,6.736684960039662,1.9204305428752535,5.215244151056338,11.055950752491743,7.113642660022832,0.53070498,0.9186388041916167,0.23466772636165575,0.7002859421052632,0.47224100516129036,0.23729213794549267,0.9828057625000001,3.65150331884058,1.1205313216968624,0.9259466916666668,1.802309599543379,0.4346169948488242,0.6111496444444444,1.1910138973214286,0.22907260256959314,1.0206681818181818,8.420464693204982,0.8394582510518934,3.8653621356783923,9.939176663086876,5.154712682949394,0.6619351636363637,3.3884218268041235,0.6267475200639488,4.1110524545454545,10.572338378105735,5.106160243114109,4.128735193333332,10.681953138456139,5.375269029896175,5.671912282236842,11.962098820848734,7.731327259666769,5.592454627906976,11.411430188809051,7.228928799841302,1.6777326049180328,7.8385956381875745,2.308087135738115,5.671912282236842,11.962098820848734,7.731327259666769,POINT (-78.74170397403367 43.966864344615416)
2021S0503535,6202225.0,Toronto,B,Census metropolitan area,0.6252501074418605,1.7539104082320616,0.582273859979252,2.7658531630336687,6.952067133740471,3.535367108829342,1.2747766645640075,5.640652792187984,2.2481613807410166,6.584156357838718,11.31711850635542,8.750782796668512,0.6206683105431311,1.7542410766645729,0.29501982112104946,0.5973548432372505,1.6631628920527073,0.45619610331155336,1.234453387980769,2.6104031748279817,1.1172092176953634,1.1874887031674208,2.8966383394169197,0.7257345881592427,0.512934652173913,0.6379119294805936,0.23881558321312657,0.34761858717948724,4.886042524167046,0.3324986475549142,5.070924916442783,9.097194997293757,5.973251354850252,0.4263176080586081,3.341594295509967,0.4698532072234119,5.169861406153335,9.247195490930597,6.156414721543857,5.175260184499086,9.249071920458594,6.1772197283489865,7.346632227056377,13.627950509868198,10.036384352960868,6.953280969999999,12.368052917294262,9.305744008039179,2.3839991213793104,5.492609582020661,2.6146144606576325,7.346632227056377,13.627950509868198,10.036384352960868,POINT (-79.58151599531648 43.90354664412231)
2021S0503537,785184.0,Hamilton,B,Census metropolitan area,0.6572008615384616,4.939656819081048,0.7789186268175583,3.0503778962382446,6.596963958489506,3.3495096640752924,1.8088284366906473,4.890646141681703,2.1721524558211436,8.160373198939247,12.101132584420967,10.00422086783078,0.8973658272727272,1.2630178412474848,0.4017542164524422,0.8341481954545454,6.473529905591146,0.7233318923271806,1.7551008338129497,7.600770044058571,2.1300964264756512,0.8402044333333333,1.1866933059490083,0.5660100153881915,0.4211197103448276,0.6825366233766234,0.27326298771750257,0.5592135620689654,1.6841389286199093,0.3455690030911901,5.680222259343794,9.04833163670748,6.66255797389789,0.613221755,8.81536317117347,0.5295843604298974,5.733180589832868,9.486758038533647,6.888553859295775,5.73573488720445,9.475132171982944,6.9274191744896445,8.856971563110308,14.062376447024661,11.362675437025253,8.516977537825278,12.832627342051053,10.376900579830508,3.1006570520599253,8.37737917714128,3.433967056592626,8.856971563110308,14.062376447024661,11.362675437025253,POINT (-79.92557279343255 43.26597000020391)
2021S0503539,433604.0,St. Catharines - Niagara,B,Census metropolitan area,2.8044427704761907,5.51470749921543,1.8713220158451684,1.8817685148648646,6.28061224689781,2.355143984418848,1.0584294,6.044162119924812,1.3528768341216215,12.052721057179818,15.45838519239714,9.492124921731346,0.6074414142857143,0.9582021085972849,0.20215400486486484,0.619183525,0.8805977024653313,0.42771090632318504,1.3188312767857142,6.523785307342232,1.32519497621978,0.7429271257142857,3.0784694706552704,0.5489466772394882,0.5809163562499999,3.8877945223241595,0.29952351593695276,0.21476373333333332,0.5424811645161289,0.19045102256410257,9.886478223519163,13.602597680135794,6.315218332350768,0.6090317035714286,1.4774983311953351,0.5103042534057255,10.07431374527027,13.977933877521659,6.61201107621087,10.077677408600337,13.976859748076922,6.629626072218341,12.231149581572483,15.863678368315098,10.392099338564659,10.623864581511471,10.91869590903724,8.499175068683131,1.6421157535714288,4.580014337529692,2.071204374203113,12.231149581572483,15.863678368315098,10.392099338564659,POINT (-79.23262892410308 43.035486425624384)
2021S0503541,575847.0,Kitchener - Cambridge - Waterloo,B,Census metropolitan area,0.8168964610169492,1.6342892296296294,0.7360971353213129,3.3809507048295453,9.575749589289165,6.124673267670276,1.5727851566878983,6.013447439872274,4.273694386059888,8.25104278966597,14.339684756577784,13.139085064245098,0.8095257749999999,2.3065966576636288,0.5042096805928017,0.5900916,1.447339948110599,0.5312340111111111,1.2945649954545455,2.961618584413258,1.3709181805402701,1.010665788,1.812421226982176,0.9102934682462687,0.5281847766666667,0.5761132097196261,0.34631502264150943,0.4957788033333333,4.048472085005574,0.8191025820214668,5.007314628171334,9.223140813497217,7.995035953327633,0.5803885717391305,2.5755508065410777,0.8861436085088459,5.152780753685898,9.26409485613985,8.191337616588863,5.15874191168,9.42293989055753,8.24393721192075,8.826028033497053,16.09972630052209,14.648529357281667,8.649960288353412,15.123542637832651,13.80668892503269,2.871941403214286,8.209560732916902,5.080812499878739,8.826028033497053,16.09972630052209,14.648529357281667,POINT (-80.49074807654213 43.44175763579373)
2021S0503543,144162.0,Brantford,B,Census metropolitan area,0.8795768176470588,2.341263898616601,0.7916215705673758,3.511069757954545,7.336151676912799,4.483340783751161,1.4915124647058824,3.4845584630182427,2.461322168129988,12.93370093808219,18.548106710691204,13.966239707296518,0.9520411894736841,1.9242027948979592,0.5438556703324808,0.5666040181818182,0.8958225722627735,0.4478971217665615,1.5517613078947368,2.6234001728675134,1.7564353741884402,1.108647448148148,3.6525981234411997,1.603880816103203,0.80696554,1.410499074857143,0.41513027849829354,0.7486237857142858,18.967352028742518,1.1676173483091787,7.272595901843318,13.31894244506173,8.774284404063632,0.7284671714285714,3.6199160059961315,0.7034212974257427,7.54886586457399,13.849517280290394,8.981509387147915,7.545505375000001,13.818138374481487,9.029698783297613,13.503157134464752,19.483853865220095,14.96216102333395,13.147468470430107,17.796024537402065,13.858953322551276,2.899839093589744,11.454865702888616,5.156977227284946,13.503157134464752,19.483853865220095,14.96216102333395,POINT (-80.30784999425154 43.12550921586489)
2021S0503550,165588.0,Guelph,B,Census metropolitan area,0.7941126370370369,2.263930239212828,0.8754120711267607,4.575632886885246,20.447543802517014,8.127060924244702,3.781926345945946,23.069727334515488,7.031284356769175,8.897103535185186,23.752476939192654,14.440825469388251,0.36468565,0.3815569,0.3251759060483871,0.8797917238095239,2.4381387988622,0.765546846446281,1.2705614437500001,1.4462575661953725,1.132457447346514,1.0407372464285716,2.0435945764957264,0.6532315551537071,0.6586233818181819,1.8354563458677684,0.2555375155660377,0.5531214538461537,2.9256731554843873,1.0310958669099757,6.240691883251232,11.859616805386645,8.527412473157966,0.6871617250000001,2.8997499129449835,1.2005378126024588,6.387091133490566,12.689797410563566,8.959178126224328,6.387091133490566,12.689797410563566,8.964142695843199,10.115271475977654,28.245988119279193,16.495165681439097,9.850908726857144,27.55997383761315,15.528718103580971,3.269853217777778,9.422796528174938,5.337683861170093,10.115271475977654,28.245988119279193,16.495165681439097,POINT (-80.2196437834468 43.54382894802149)
2021S0503555,543551.0,London,B,Census metropolitan area,0.99468384,2.8160909128509046,0.9128407523623754,3.1091172237623765,11.048484455217245,4.435533636476086,1.6085014931034485,10.420759965456652,2.9992524239353893,10.319254190661479,15.287802422836656,10.48899489513103,0.700721590909091,5.457634282990152,0.6676102960707269,0.7892118782608695,1.3113912626626625,0.5824305769178082,0.9863527592592591,3.021442092125984,0.9878762422389837,0.8877210120689655,1.4227792805144195,0.8629430575175645,0.5573923208333333,1.2953161410865874,0.43233837324478175,0.48452325,1.2484653424936387,0.24964172350081035,4.974651529824562,9.438729254896995,5.401985511124625,0.7788333999999999,1.7236018545045042,0.7032056975552968,5.063857395631068,9.079610754517518,5.681399453042418,5.063857395631068,9.079610754517518,5.723058288049043,10.737965722906404,16.956753596704,11.488832068155395,10.597652707008761,16.379831484401915,10.786358047816753,2.30083323671875,9.707202091585126,3.7885144614126656,10.737965722906404,16.956753596704,11.488832068155395,POINT (-81.3293143319167 42.93306253472746)
2021S0503559,422630.0,Windsor,B,Census metropolitan area,1.4620133777777777,7.469107516476553,1.1109736243734645,4.170420497435897,17.73399786449645,9.041243386809798,2.225357457142857,15.05757585241059,7.043752635734483,9.706469657748539,17.150634856386173,12.54640753155658,1.0084818411764707,1.5877376113871633,0.7144106730889235,0.6134364884615384,1.596475116851441,0.38347892397350997,1.4896661352112675,3.74639569978678,1.7075265930699086,0.7691932454545455,1.2707417227272726,0.3955612818311874,0.5197153625,2.310170081871345,0.2442331347432024,0.5522646375,4.358997850588235,0.5479945866477273,6.188828152369668,13.84286746600886,7.973298858721295,0.8181036037037037,6.2963662736702135,1.2516098523767216,6.3524160817972355,13.884654789916723,8.03583722783885,6.346503551029747,13.947620735476493,8.190058263202642,10.875361102864584,22.847874545077836,17.241003084040738,10.589801072096128,21.456002997065173,16.192954111421077,3.664811771428572,14.856657690895322,7.102801044777903,10.875361102864584,22.847874545077836,17.241003084040738,POINT (-82.78130265455401 42.1631341914498)
2021S0503568,212856.0,Barrie,B,Census metropolitan area,0.49117092,0.4109025886699508,0.5247225908462867,2.9806461494736842,5.201503966514459,3.790419913372229,1.6666298216216218,2.320790392747253,1.7488815832366895,7.437661206593406,7.359534653724961,9.293866681334595,0.4027483,0.17618181428571428,0.17156942789473684,0.3760024125,0.46885851333333334,0.33332240764872517,0.9517959423076924,0.5700042348017621,0.5347804742808799,0.9436839913043479,1.158265073892774,0.7653733307159354,0.7271538428571428,1.0449514917525775,0.5170828716006884,0.6866588166666666,0.5412204,0.4220974429234339,5.263592082608697,6.335821750982117,6.953617695480369,0.12473375,0.38156882837837847,0.2884095411371237,5.3104946893048135,6.412024626425911,7.168260568210218,5.3104946893048135,6.412024626425911,7.168260568210218,8.015591373037543,8.640353729942266,10.203504928270988,7.819131018402778,7.7509634420081035,9.061495865528645,2.818956632894737,4.867156283815385,3.2410685077659283,8.015591373037543,8.640353729942266,10.203504928270988,POINT (-79.7382008685229 44.40703323793972)
2021S0503580,170605.0,Greater Sudbury / Grand Sudbury,B,Census metropolitan area,0.7699389375,0.3806020323529412,0.26299360522875814,1.6142580368421053,2.8985711343796714,0.9895876646131804,1.1295676000000001,0.8917101954545453,0.5069115041543026,5.542527930909091,5.527244172025602,4.575959716032364,0.720733275,4.663206332721712,0.3601431442857143,0.51665242,0.27707054210526316,0.19006935268817202,2.532004965714286,34.389112534721164,11.24947053189231,1.9739569384615383,0.8126769205128205,0.59619029375,1.1947937400000002,0.4868477444444445,0.39910439058295966,1.0419450285714287,1.0711007431372548,0.17785920892857143,4.249604267857143,4.424949540366973,2.735374206484296,1.026119911111111,0.845889835576923,0.24184968193548384,4.21287728,4.29464291677691,2.7856030739324726,4.307449423275862,4.370018730810489,2.837308837597656,6.6588160817708335,27.013018388585095,14.052218735327907,6.48589414973262,27.24507895687445,13.881563185446419,2.849152968,4.744213958366533,1.5076344265556532,6.6588160817708335,27.013018388585095,14.052218735327907,POINT (-80.94712353920026 46.54898505072837)
2021S0503595,123258.0,Thunder Bay,B,Census metropolitan area,1.8055004,0.4911129390909091,0.3741326142011834,1.478262505882353,1.5293343239506172,1.030455674789916,0.6468869142857143,0.16256144285714283,0.24272664556962026,7.61035923398693,5.0164458497783695,6.1366815031636035,0.8227153333333335,2.3713081921259844,0.753463425,1.91878585,0.5736840314606741,0.2945011323076923,1.2275539304347827,1.5676251388773388,1.079000387630662,1.5857628120000002,1.5086897144537814,1.266833122589928,1.5157448222222223,1.4090940053061225,0.9333843099557524,,,,3.993718276666667,3.752015692194223,3.8307713888224475,1.9975256714285714,0.45214014705882355,0.2534247313953489,3.9419692536842104,3.7271911005278593,3.950604885060026,3.9419692536842104,3.7271911005278593,3.950604885060026,7.776917776397515,5.33326589114647,6.362848154328445,7.6059289181250005,4.995721521978984,5.780526255068836,1.2298523863636364,1.7336250863309353,1.099492219956616,7.776917776397515,5.33326589114647,6.362848154328445,POINT (-89.35124412653016 48.3684575624437)
2021S0503602,834678.0,Winnipeg,B,Census metropolitan area,0.5425141319148936,1.1883350247908744,0.555652595409541,2.309836385232068,7.800131689487734,3.102155822805148,1.434680293457944,6.18434575167294,1.673708089505535,7.655115375174012,11.880482877337496,8.836260046160884,0.5166879666666666,0.7112295998046875,0.15988126776212833,0.5881460057692308,0.9112136871333965,0.3849348096816114,1.3094807163636364,4.540028654362645,1.0831738604678363,0.9634564546875,9.17958529598587,0.9821611670124482,0.6540976217391304,1.5939030866348447,0.29469488581436076,0.43087293125,4.560646371290322,0.5258132521221532,4.379862755029586,9.073656880115047,5.397387649431535,0.5285457615384616,3.139065551032807,0.5699179196846846,4.4546514355263165,9.051112570487774,5.604844581367842,4.4546514355263165,9.051112570487774,5.604844581367842,8.126244224100326,12.984735966650419,9.559958158941518,7.918893865959821,11.910658244570977,8.894920038734623,1.9950804338983048,5.432538775374349,2.136778343981858,8.126244224100326,12.984735966650419,9.559958158941518,POINT (-97.04988556999743 49.88672266055175)
2021S0503705,249217.0,Regina,B,Census metropolitan area,0.5892225470588235,0.8939954453987731,0.26776273833333336,1.2339722725490196,2.2076155423000663,1.519565307165605,0.791505138888889,2.335405302299908,1.2178098927588703,5.577482248717948,12.883264173230621,4.375440529702048,0.54482614,0.24207929166666664,0.08156081414141414,0.5655628076923077,1.0427686340136055,0.18498828750000001,1.7201131155555556,22.610857586763853,1.470362478111846,0.6464915714285714,0.9417923529032257,0.478025616221766,0.4957674714285714,0.8878655309392266,0.37569242691131494,,,0.38736203750000003,2.440244561946902,4.8444834709920634,2.708556739364889,0.5521288833333333,0.7025199866666666,0.17072684126984125,2.463879844915254,4.85285985844105,2.7985179885622817,2.5482169865546216,4.909854258809892,2.814525874884393,5.94743395180723,13.465245516187629,4.698681722429094,5.7461979743902445,12.616164387137028,4.579582032969588,1.1873938351351352,6.030666016517056,1.7682745729016784,5.94743395180723,13.465245516187629,4.698681722429094,POINT (-104.61979619617614 50.44889903735301)
2021S0503725,317480.0,Saskatoon,B,Census metropolitan area,0.50293095,0.9714697978,0.5170951512640449,1.238049432142857,3.267390138299025,1.3910898417166588,1.0750160604651164,4.835163218883495,1.5197670902591973,6.3753522881067965,9.578088211476782,6.339933942962227,0.27261238888888883,0.54405746,0.12862623811881188,0.8397824433333334,2.974421898505435,0.9221714481355934,1.2326533424242425,9.997086839219332,2.3217343194775695,0.6436909230769231,1.3863360045783135,0.33604866015037593,0.3781881875,1.4571456,0.17726295755102042,0.41844868749999997,4.711382213394919,0.3190630525879917,3.416280568018018,4.75108958062134,3.2330154122990513,0.43448172,0.5130373530386739,0.17197476564885497,3.5454160910638297,5.018328974084508,3.4636514046503244,3.5454160910638297,5.018328974084508,3.4636514046503244,6.653096811085972,9.978850214015806,6.929374437363032,6.504363515313225,9.42919162840696,6.52538052363619,1.5601225329268291,2.94452386565008,1.4799937141627206,6.653096811085972,9.978850214015806,6.929374437363032,POINT (-106.5646104797232 52.097412721719714)
2021S0503810,123847.0,Lethbridge,B,Census metropolitan area,0.4553570454545454,0.643138308,0.5108361198606272,1.091539971875,2.62668847114846,1.705880787678768,0.6413778923076924,2.0024228974358973,0.6608559375,12.224838749999998,11.476141014068322,8.476160489622423,0.19404523333333334,0.03481906666666666,0.04196611666666667,0.47417281250000004,0.4919368166666668,0.3582797177664975,0.7986018250000001,1.3722552675516224,1.0167140244247788,1.4769470500000002,1.1955399513944225,0.6719045211699164,0.1131319,0.1883290459459459,0.3558452516556291,0.3496503,3.9346079,0.3926963178082192,3.7707909738738734,4.6551302998697075,3.7647317165821494,0.3001512,0.5277488945054946,0.22341729370078742,3.85094335,4.647153789133165,3.865400317535314,3.85094335,4.647153789133165,3.865400317535314,12.362677313937281,12.218531583631579,9.287485243436176,12.332852048398575,9.974748651133957,7.972416816223464,1.3131704333333334,4.623923890282685,2.387089497401575,12.362677313937281,12.218531583631579,9.287485243436176,POINT (-112.76713033321741 49.84329772413683)
2021S0503825,1481806.0,Calgary,B,Census metropolitan area,0.47655494148936167,1.4096182021403683,0.4378857700626959,1.4725159090425533,2.3035278964341304,1.4183389963436754,0.842181704516129,1.9434207630253892,1.0453898612234114,4.598223010303413,5.973381346974771,6.482671611747811,0.4579596607843137,0.44549838462389385,0.18631813107511047,0.4400644828571429,1.2976199193333335,0.31557949978364347,1.213845550886076,2.7343405889829495,1.7023557077479106,0.8576707325925924,1.878639691073326,0.6100830994796593,0.3886249894736842,1.7854470873617694,0.38680685687622784,0.17954064999999997,0.46554516,0.10518321054794519,3.392143056465517,5.616148423260942,3.7844584286040623,0.4010085630769231,0.3084422906698565,0.19062530483870968,3.4808139505735136,5.720185819650584,3.871401429319479,3.4808139505735136,5.720185819650584,3.8717229160126454,5.150746039222614,7.117529515123366,7.134193087371927,4.887024961162079,6.483082449967956,6.809001668619796,1.7614550277936962,3.038343103710797,1.5589006143819062,5.150746039222614,7.117529515123366,7.134193087371927,POINT (-114.07821828884788 51.18049157858904)
2021S0503830,100844.0,Red Deer,B,Census metropolitan area,0.3237919166666667,0.21676924225352115,0.4453444127962085,1.2695956722222224,0.7062858317073171,1.2123758766990294,0.8712487999999999,0.9630075,0.8572459836065573,4.113393086458333,2.346266317520858,6.4989518407385525,0.2904163,0.0787073,0.15421929480519478,0.29174484,0.20882737101449275,0.2850793149659864,0.8984469700000001,0.5760998980769231,1.5279825286783042,0.343440375,0.21685555,0.35906092891566266,0.29657806666666664,0.205295596,0.19945218787878788,0.1936108,0.3148294,0.19330466276595742,2.2262844304347826,0.8551933080996884,2.547925119440242,0.3237919166666667,0.10346711842105265,0.14382220405405405,2.3049880166666665,0.8606725089506172,2.580100349514563,2.3049880166666665,0.8606725089506172,2.580100349514563,4.154610378571428,2.3520260753488373,6.726473831355206,4.02335253125,2.291076864676617,6.464595961791754,1.244474475,0.7362292698863636,1.7733598206629835,4.154610378571428,2.3520260753488373,6.726473831355206,POINT (-113.79732897624814 52.28157613674051)
2021S0503835,1418118.0,Edmonton,B,Census metropolitan area,0.5168896806451613,1.6975158845997973,0.4258762634279849,1.8213525628712872,1.8684837275330397,1.342595151438999,0.9912945494318182,1.0817641784656395,0.9548630197722727,5.974493643729903,6.797654952565052,6.795179777335283,0.642049508045977,0.7060482963762529,0.22944337982631927,0.6184399183673469,0.7943008647577092,0.32209581885612154,1.783655164124294,4.841710797977073,1.7401173798071279,0.69134586171875,2.274010802971103,0.4737918347570412,0.4371899672413793,1.9935653741863906,0.2564740703539823,0.31375508064516133,0.3770477910059171,0.1894792802247191,3.791906308613445,3.9771957762764285,3.6226662742418347,0.3885174120689655,1.5284211888,0.2758131833597464,3.8837013698170733,4.050398994939833,3.718962789038243,3.888904393813387,4.08320210437095,3.746770307970552,6.657350920877193,7.678358674394059,7.766996404528024,6.4327677653614455,7.247928429221339,7.3543067341753225,2.5171933757111598,3.8467760648573726,1.9555524241381752,6.657350920877193,7.678358674394059,7.766996404528024,POINT (-113.7903991543829 53.512923975435896)
2021S0503915,222162.0,Kelowna,B,Census metropolitan area,1.142629044262295,1.1231154155419223,0.510695906010929,1.7621720124999998,1.855301510989011,0.9162255401980198,0.7480294352941177,0.4712386310126582,0.3592275101983003,7.209199798614319,8.726891680346716,5.695216700730757,0.49439744615384623,0.4501770353658537,0.1475094402515723,0.6653270942857142,0.4017098434615385,0.3076465611620795,1.5183289916666667,2.6171699907324366,0.7412381843788438,1.045085393181818,3.3126022482613275,0.794063811679644,0.6281265882352941,4.4750062687366166,0.4345869520576131,0.24266315,0.23925265151515154,0.08584381296296296,6.411116873964498,8.892040637352942,4.200216002696728,0.510572692,0.530195775088968,0.30814351746987956,6.522563282253521,8.896545424813244,4.336177721879651,6.517062586516855,8.891869061541566,4.354518114228245,7.938888728297873,9.831787735503154,6.241850521161519,7.4576445379775285,8.743515638220291,5.677998763674865,1.5602363807692308,2.3426430413744743,0.775794793831554,7.938888728297873,9.831787735503154,6.241850521161519,POINT (-119.45813569152432 49.9488376313401)
2021S0503925,114142.0,Kamloops,B,Census metropolitan area,0.8861367058823529,0.9236206841409692,0.7524242894736843,0.740700994736842,0.9208298853982302,0.8078729698757763,0.6466873750000001,0.5563028989473684,0.49911868366013074,5.1891554679738565,14.977461202361114,7.0974024281172845,0.4784689,0.1097293,0.09592598125,0.5022071307692307,0.7559655620879121,0.4714144703883495,1.2883202368421054,1.7270361532846716,0.6768883062500001,1.2042574954545455,3.5235512447598247,1.654136780774963,0.7761574099999999,4.899869494402985,1.1006640537558685,0.36962762,0.28305228800000004,0.2587654611111111,3.0843587845360827,14.692103958062575,4.486676266509211,0.5239874142857143,0.48041971333333316,0.3327982878048781,3.2508889105769225,14.12955887050114,4.760070809879839,3.2508889105769225,14.12955887050114,4.760070809879839,5.626963904242425,14.815336411994787,7.4649477400175135,5.599382390000001,12.668990917120237,7.072236321236983,1.2250309304347828,3.738706278627968,0.9978415905529954,5.626963904242425,14.815336411994787,7.4649477400175135,POINT (-120.51102551972397 50.80116083010332)
2021S0503930,113767.0,Chilliwack,B,Census metropolitan area,0.7730521352941176,1.3718777827586206,3.3664282411764708,1.9765416075,3.446155424968944,4.920362017849462,0.9392095687500001,1.7884511707865167,3.9171781973033704,18.513238995177662,21.572982679060587,17.552483304494192,0.3284072,0.1098815,0.776913437254902,0.7296374,1.1356161429718874,1.9476046816608996,0.6976760846153846,0.7990073061224491,2.7265761631683167,1.3943351,2.7441776979289942,2.075707741752577,0.88644004,2.7348729389830506,1.4597300953002612,0.39165720000000004,0.6268989216216216,0.5805902025974026,7.187489709729729,15.583726193059128,12.60248302554439,0.5577328111111111,1.4423736965517242,1.0321399,7.287441211702128,15.335707590706093,13.22823582991407,7.287441211702128,15.335707590706093,13.22823582991407,18.811670236633663,21.66715046897445,18.468223860393607,17.760026972538864,13.967200736375062,17.172165015304316,1.811923023076923,2.49256337952,5.57504725942492,18.811670236633663,21.66715046897445,18.468223860393607,POINT (-121.72302426991679 49.13771269594975)
2021S0503932,195726.0,Abbotsford - Mission,B,Census metropolitan area,0.7594795862068966,0.6843960895833334,0.8089458433333333,1.322247420289855,2.382443504879938,2.0305621760248447,0.7274035333333332,1.2090776325396826,1.6225296094949497,15.670875207611939,15.943592930589261,12.842029981663948,0.6055005714285714,0.29740897826086954,0.24713769573170732,0.3722101,0.6008465723577235,0.5737549214285714,1.1249374425,2.0311345074837313,1.210221662090813,1.5991527703124997,3.0446548367694803,1.3099132283950619,1.0506612515151514,1.6360561745958433,0.6080736519056261,0.32952638000000006,0.4891400846846847,0.32155763762886597,9.984560255530974,10.711160424545598,8.512787751349062,0.2583438625,0.513575080748663,0.46804899714285714,10.18452457710583,10.821556899829984,8.742000880734828,10.18452457710583,10.821556899829984,8.742000880734828,16.19891418023088,17.775408674058248,13.578877761495626,15.922795680087848,15.180975924139933,11.884571184770932,1.6662387066666666,2.947871071330117,2.3549764831728046,16.19891418023088,17.775408674058248,13.578877761495626,POINT (-122.3081869891374 49.134773412097765)
2021S0503933,2642825.0,Vancouver,B,Census metropolitan area,0.755677452919708,2.508139783708673,0.5932057000398353,2.0008654242156867,3.494794320510407,2.0324978010838586,1.0250300559556786,1.9323975175995969,1.1531467439019365,6.655040301134021,9.38473082009725,7.900848036623199,0.48653162842105263,0.5720907250527797,0.18640557228070176,0.7389216567049809,1.5411565464761376,0.4099445297581099,1.1319331661855672,2.7325989409575113,1.0269134110021385,1.2495589651356993,2.228457287103364,0.6961774978973831,0.6719506281767955,1.5984980199756762,0.30638802918735303,0.36747709375,0.8796534695238096,0.14845849128989363,5.299421538043107,7.434733741993884,5.3258630771165825,0.6131036683908045,2.452914875308642,0.44655741335715504,5.428764708327825,7.45655350748007,5.505111165674929,5.438095541908851,7.533912160889895,5.536933746440345,7.179478162949465,10.329471564334156,8.550102305191658,6.734466189755237,8.990675235274205,7.9340704877840285,1.8723116706507306,4.0044206918741905,1.677690303948201,7.179478162949465,10.329471564334156,8.550102305191658,POINT (-122.83572708164883 49.28231821452738)
2021S0503935,397237.0,Victoria,B,Census metropolitan area,1.0190146094339623,1.3009127347402596,0.8605368408360128,1.903897277952756,4.289963512007685,1.6891199161925603,0.8282138027027026,2.270734310138889,0.7823296398058254,5.069093566738661,5.259303636121674,5.9329697874129455,0.8910122333333332,0.28886517788461535,0.11744906000000001,0.6600688025641026,0.5394419219879518,0.5560201757971015,1.0746570740740742,0.8786816387033398,0.8606873507522569,1.0523372500000001,1.7922600609576427,0.6893128680594244,0.6976208785714285,0.4799807705882353,0.4198672984042553,0.38022809999999996,0.102438,0.09003077884615385,4.186622654469273,3.2811123563048827,4.3318572905958135,0.9215060742857143,1.3230421423868313,0.4530181252906976,4.383875467810026,3.2831929619744633,4.602469047961019,4.383875467810026,3.2831929619744633,4.602469047961019,5.378238048979592,5.515257485238296,6.161820048669798,5.137485951271186,5.0104954063732565,5.795805730258657,1.4885323164383562,2.4671467718861213,1.0657892496448864,5.378238048979592,5.515257485238296,6.161820048669798,POINT (-123.55103450124332 48.46534082412061)
2021S0503938,115459.0,Nanaimo,B,Census metropolitan area,0.5479708090909091,0.39884772374999994,0.6345501338797814,1.1761075125,1.0059837747191012,1.1410001065671642,0.5702357666666668,2.520380927536232,0.8910494682170542,4.943944289922481,5.714416515751445,7.008064186705883,0.2923977,0.40858020000000006,0.1387980857142857,0.51937758,1.5955520447204972,0.5851101827309236,1.2303075764705882,2.445566345714286,0.9516244773462782,1.5784468400000002,1.9609834852348993,1.4774698022375214,0.6459570571428571,2.1691191175438598,0.8341432372093024,0.6493506,0.39370079999999996,0.1326217913043478,3.832346850537634,7.196090586356467,4.908327857312466,0.35222413333333336,0.44251757499999994,0.34871890534351146,3.9628732319587625,7.256703274845202,5.024367359538784,3.9628732319587625,7.256703274845202,5.024367359538784,5.691226984722222,8.03513456025641,7.844985873634783,5.454077708571429,6.594104331899642,7.485443927360308,1.4055060961538464,1.541648184888889,1.3638526510638298,5.691226984722222,8.03513456025641,7.844985873634783,POINT (-124.23458000852109 49.12800937663893)
